playerId,playerName,position,team,gp,points_ratio,plusMinus_ratio,shg_ratio,faceoffPctg_ratio,blocks_ratio,hits_ratio,pim_ratio
8474641,Adam Henrique,F,ANA,62,0.35972977246153165,-0.060619184320483695,0.0,0.005386543735955902,0.4117465505709082,0.26392482612488327,0.1924001767295188
8480789,Oliver Wahlstrom,F,NYI,35,0.27743306672271684,0.06805427692828803,0.0,0.007050799954408262,0.2679711408266936,0.6352953844397312,0.3576977868675091
8480796,Martin Fehérváry,D,WSH,67,0.16356227176108554,-0.0757750640456282,0.0,0.0,0.7854266784042194,1.084775739123507,0.2352191781350246
8480797,Joel Farabee,F,PHI,82,0.28229861605904016,-0.005583378209803727,0.0,0.003163643870831791,0.3133272666413729,0.4447322036598816,0.22108905048865982
8480798,Philipp Kurashev,F,CHI,70,0.22512634911704837,-0.20421855910425651,0.0,0.004283925407646402,0.283712223495328,0.2950591098211507,0.12500000000000003
8480800,Quinn Hughes,D,VAN,78,0.51521026526936,0.08024540938781406,0.0,0.0,0.4734868299738074,0.22365780469739946,0.23116723984207768
8480801,Brady Tkachuk,F,OTT,82,0.5208242419521542,-0.05300060744148773,0.0,0.0038874422220886644,0.08133527391595813,0.9779956836680821,0.36214722116026665
8480802,Ryan McLeod,F,EDM,57,0.2494976847613514,0.036645601197571334,0.0296348592024839,0.005573478661361624,0.22248483242457726,0.37775896408282805,0.18261278838280404
8480803,Evan Bouchard,D,EDM,82,0.28090148917859564,0.03149625347086064,0.0,0.0,0.474340732043917,0.4973344259980404,0.18815538676509405
8480806,Isac Lundestrom,F,ANA,61,0.15378985182863653,-0.10872637750512455,0.014546307923404854,0.005170844035125676,0.38801774203554656,0.20955936319175444,0.026146547897253854
8480807,Mattias Samuelsson,D,BUF,55,0.13121086044428573,0.10888172448398517,0.0,0.0,0.6774122921960011,0.7042579529965555,0.19544870662937763
8480813,Joseph Veleno,F,DET,81,0.17252013333403496,-0.08017470664352792,0.0,0.0036167489609176748,0.32574731182599487,0.8194968519211284,0.20843678327325146
8480817,K'Andre Miller,D,NYR,79,0.3010286243343523,0.058251313920742835,0.0,0.0,0.6515329679889318,0.8016093131235705,0.2111376255364867
8474673,TJ Brodie,D,TOR,58,0.16904262660562447,0.07817738301702191,0.0,0.0,0.8307708805345827,0.414467359053106,0.14615474092182174
8480821,Filip Zadina,F,DET,30,0.16397829122713584,-0.10182268061174951,0.0,0.008849468856300937,0.2909014257638681,0.38024932099918346,0.19098300562505258
8474679,Gustav Nyquist,F,"CBJ,MIN",51,0.3071487710159157,-0.07963465254111769,0.03070209444087384,0.006008288166314053,0.34785826990260055,0.39249373680264676,0.18162319697002036
8480823,Alexander Alexeyev,D,WSH,32,0.11462907739807508,-0.029532874595107172,0.0,0.0,0.6330966750221404,0.5376618992328374,0.08422482966923639
8480829,Jesperi Kotkaniemi,F,CAR,82,0.28433230653785185,0.06365375071887132,0.01098901098901099,0.004058241793174072,0.16204701976218278,0.5761484402545918,0.29486849131136356
8480830,Andrei Svechnikov,F,CAR,64,0.4407527646024706,0.040417330677608006,0.0,0.005562820928186796,0.1727734158100671,0.9471663354726432,0.3449729180024205
8480835,Jack Drury,F,CAR,38,0.149555259901464,0.0463663754625005,0.0,0.009163657002426218,0.26468179879755493,0.20154294822198346,0.19381324440638487
8480839,Rasmus Dahlin,D,BUF,78,0.47621296059838225,0.06126159174551614,0.0,0.0,0.6899661842467955,0.5734125833809162,0.44052142479829176
8470600,Ryan Suter,D,DAL,82,0.2018263788427044,0.0,0.0,0.0,0.6471103795278723,0.4382060662348178,0.18322773287159388
8470604,Jeff Carter,F,PIT,79,0.23269074118783825,-0.10199418434104948,0.0,0.004687469135095915,0.35322218834099917,0.5000964876161633,0.1994120211618205
8480845,Rasmus Kupari,F,LAK,66,0.1529394505649644,-0.03966942603786751,0.0,0.005185458709184097,0.2888911367389955,0.6391777728040972,0.10873293454453432
8480848,Ty Dellandrea,F,DAL,82,0.2241879211684021,0.05665936468403837,0.0,0.003922727621612156,0.2822986160590402,0.6242996513757787,0.2937602443761233
8480849,Barrett Hayton,F,ARI,82,0.29648682820685535,-0.025885002558044937,0.0,0.004079742017433598,0.25796596957246715,0.4591278628825352,0.2526862760863757
8470610,Zach Parise,F,NYI,82,0.25535715385928887,0.04212491502086164,0.02113067926853336,0.0035728725259429393,0.49862700442102587,0.5152374814722138,0.17147081818246543
8470613,Brent Burns,D,CAR,82,0.4221745472890421,0.09953383975559262,0.0,0.01098901098901099,0.5279474713450031,0.28363681168524907,0.26325994478535547
8474709,Matt Martin,F,NYI,81,0.16475606771953194,0.02676925688510056,0.0,0.0032380418807817102,0.3053621904985025,1.1355553325719379,0.249765420402431
8480855,Jack McBain,F,ARI,82,0.2061264703691115,-0.048310853818953434,0.0,0.003698905792591773,0.34730268411187415,1.3382521230742754,0.3221136823356338
8474716,Jared Spurgeon,D,MIN,79,0.26085223833367344,0.1835588597401209,0.0,0.0,0.8521486834184921,0.43206058245862106,0.11299445183952136
8470621,Corey Perry,F,TBL,81,0.19529627043109266,-0.17214050664003241,0.0,0.0,0.20091924330900043,0.3241446445416316,0.32492883746276885
8480860,Kevin Bahl,D,NJD,42,0.13143203259026587,0.048930134158617807,0.0,0.0,0.47100727596327446,0.6990101062155346,0.23513547011354682
8480865,Noah Dobson,D,NYI,78,0.36564728024149046,0.020572931810826058,0.0,0.0,0.5828321100238378,0.42014627439240126,0.14724577241457057
8480870,Bo Groulx,F,ANA,2,0.0,0.0,0.0,0.17121673683331567,0.0,0.0,0.0
8480871,Adam Boqvist,D,CBJ,46,0.3160670342126256,-0.10708493732911913,0.0,0.0,0.5137383378233643,0.28660762002225815,0.1112301230269726
8480873,Rasmus Sandin,D,"TOR,WSH",71,0.27901200653140684,0.017260176505588174,0.0,0.0,0.5691268551401566,0.7580934124760148,0.2240691852898969
8480878,Nils Lundkvist,D,DAL,60,0.18037233320567922,-0.04475458289760539,0.0,0.0,0.5250406337397312,0.4210250585129499,0.22792217929295777
8478831,Kevin Stenlund,F,WPG,54,0.11741759061493538,0.030062225027761014,0.03115359955392207,0.006422192080621781,0.29402173094330186,0.335761154389992,0.1900689109956993
8480880,Jakub Lauko,F,BOS,23,0.19679613037780122,0.05064262643991719,0.0,0.0,0.18127159337196144,0.7562057313777263,0.21991857658874883
8480879,Jacob Bernard-Docker,D,OTT,19,0.04302437117457934,-0.05506530899381072,0.0,0.0,0.6046827887964837,0.4970139897163168,0.21992907358395689
8480884,Calen Addison,D,MIN,62,0.26636743724959083,-0.14037798805262114,0.0,0.0,0.3700314277182079,0.19341307964608828,0.1924001767295188
8480887,Jordan Harris,D,MTL,65,0.1704644975017219,-0.020223446685841823,0.0,0.0,0.6298727778327853,0.40961611664414455,0.21349926581003748
8478840,Will Borgen,D,SEA,82,0.17062861515930702,0.06192665301251746,0.0,0.0,0.49298122685959045,0.9175373914908388,0.26425386492700575
8476792,Torey Krug,D,STL,63,0.3053170295076633,-0.1631911395810506,0.0,0.0,0.680219330767931,0.3692725477911511,0.17881201450753706
8480891,Michael Kesselring,D,ARI,9,0.19999999999999998,-0.052911466859509725,0.0,0.0,0.4058862493348271,0.5522847498307933,0.34314575050761975
8480893,Kirill Marchenko,F,CBJ,59,0.24665623637974593,-0.17772548428579754,0.0,0.007291177332332627,0.3729021197958154,0.3354524814764545,0.15257075073674525
8478851,Alexandre Carrier,D,NSH,43,0.14331440709745366,0.0,0.0,0.0,0.6440785114886144,0.6396691314615841,0.2878054157142566
8479546,Oskar Steen,F,BOS,3,0.22654091966098638,0.0,0.0,0.0,0.0,1.0,0.0
8478856,Conor Garland,F,VAN,81,0.3337369883331015,-0.029824266577285524,0.0,0.002219399443161528,0.16625965553606933,0.3197938295769668,0.1301355087224521
8478859,Niko Mikkola,D,"STL,NYR",81,0.05870083118743601,0.034765271378793074,0.0,0.0,0.5529536974604227,0.7085171761740068,0.2996194916425122
8478864,Kirill Kaprizov,F,MIN,67,0.5871811046108701,0.025922842442219714,0.0,0.005094667171204066,0.2379825190356936,0.48200325830531504,0.22311220104113616
8482964,Arber Xhekaj,D,MTL,51,0.16791594053904593,-0.08893315643949636,0.0,0.0,0.4054078204153886,1.057972491332641,0.49429914009823817
8476822,Luke Glendening,F,DAL,70,0.06459180125522962,-0.07177116141959394,0.0244912242696513,0.005249764773123484,0.4405882579503243,0.655389778402759,0.16611415134925153
8478873,Troy Terry,F,ANA,70,0.4683618429848276,-0.05007661011221168,0.0,0.012239198003208142,0.21150837043857498,0.12131791951889197,0.18189190544643413
8476826,Yanni Gourde,F,SEA,81,0.3418877211526015,0.12460335953812782,0.011117995384971583,0.004061979347112166,0.36400445434850814,0.6193372221100011,0.3191953654774839
8478882,Vladislav Gavrikov,D,"CBJ,LAK",72,0.1699661988239503,0.024859475122899228,0.012433766913128032,0.0,0.6652351384599094,0.5036984974231319,0.2717142948957226
8478891,Mason Appleton,F,WPG,41,0.22157911018603746,0.021886970527981317,0.0,0.004396787070016331,0.17945184047909474,0.49473684210526314,0.12245325898113589
8476853,Morgan Rielly,D,TOR,65,0.372764930400215,-0.05687504910890196,0.0,0.0,0.5807463491919487,0.5163417934114676,0.14659072875574705
8480950,Ilya Lyubushkin,D,BUF,68,0.13709704651488572,-0.014602403004040447,0.013125882648261476,0.0,0.7010484287477494,0.6210568804565729,0.26241017569754793
8476854,Hampus Lindholm,D,BOS,80,0.3638655280564639,0.2746915329054188,0.0,0.0,0.5949163369250706,0.5038550829717741,0.33333333333333337
8478904,Steven Lorentz,F,SJS,80,0.16334525638678893,-0.12459588894268887,0.011250087894745202,0.003993136472498196,0.31896073731439933,0.6564627712809296,0.11917296358795305
8476856,Mathew Dumba,D,MIN,79,0.12535786393305445,-0.04609299926176263,0.0,0.0,0.6381976922901691,0.620984553249767,0.34621590040970673
8476858,Phillip Di Giuseppe,F,VAN,30,0.2574375437339202,-0.015578594775306752,0.0,0.007054745230779669,0.2168044453656703,0.6922068203495805,0.2528118315133337
8478911,Matt Roy,D,LAK,82,0.2061264703691115,0.04307318104879983,0.01098901098901099,0.0,0.7849004389271483,0.598659105209122,0.15954427836154814
8476869,Brady Skjei,D,CAR,81,0.2877719719971597,0.03745773547509568,0.011117995384971583,0.0,0.4015111861157492,0.44704611055521515,0.2506461488255582
8476871,Tanner Pearson,F,VAN,14,0.24145020091061692,-0.3048349392520048,0.0,0.019346051461690078,0.15194056478764362,0.7846483459137321,0.5207701336130859
8476872,Scott Laughton,F,PHI,78,0.3224296084350372,-0.046763060957050566,0.03225806451612903,0.0041033660342363965,0.37100367439130705,0.736056384237181,0.24798084610980817
8476873,Mark Jankowski,F,NSH,50,0.16308856638825187,-0.011036567557586483,0.048485364026658005,0.007016146912890568,0.3103417522694253,0.47368421052631576,0.17693883669991195
8476874,Olli Määttä,D,DET,78,0.18935865664919346,-0.051747381669758535,0.0,0.0,0.6698623302304042,0.422273126112247,0.11420461165307062
8476875,Mike Matheson,D,MTL,48,0.39583400707170935,0.05593613218351528,0.0,0.0,0.6691527068179908,0.481148786049513,0.30633737708342257
8476878,Zemgus Girgensons,F,BUF,80,0.15554633887944902,-0.035432183185009215,0.0,0.0036392495738705095,0.35342573636151076,0.5157630254876209,0.11181160351110886
8476879,Cody Ceci,D,EDM,80,0.13193800268989733,0.06305876607940246,0.0,0.0,0.619830251383826,0.7051251209058566,0.17501458600758052
8476880,Tom Wilson,F,WSH,33,0.36954295298038864,-0.1486376866371259,0.0,0.007497236908800541,0.45548849896677723,1.1090658156770163,0.5276009079471269
8476881,Tomas Hertl,F,SJS,79,0.4426502330144034,-0.18751296487693117,0.0,0.004468710298840196,0.4020613209750764,0.5506626769279468,0.2669503558941777
8476882,Teuvo Teravainen,F,CAR,68,0.3209693994437938,0.07539878275164437,0.02516067440201422,0.005898911723533538,0.17280063705642204,0.14900913996855994,0.13600966974841908
8480980,Connor Dewar,F,MIN,81,0.14845455885247277,-0.033884924520940995,0.03115359955392207,0.0036818970058391737,0.3641587578732381,0.7032647456768849,0.18314668909865156
8476885,Jacob Trouba,D,NYR,82,0.22938367630799822,0.03472449781916055,0.010989010989010988,0.0,0.9704571934020756,1.0015558892468037,0.260219725137707
8476887,Filip Forsberg,F,NSH,50,0.4468085106382979,-0.03668869208737733,0.0,0.0,0.25,0.7297239715154262,0.21114561800016832
8476889,Radek Faksa,F,DAL,81,0.16625965553606933,0.05798374990497528,0.011117995384971583,0.004314063305172073,0.44419532265445316,0.5330826422154414,0.22675142979413934
8476891,Matt Grzelcyk,D,BOS,75,0.22313559251848555,0.29817526191135063,0.0,0.0,0.5008934388669994,0.35045141746372815,0.20982182436637614
8476892,Colton Parayko,D,STL,79,0.20665476362282245,-0.09917586875808168,0.0,0.0,0.7794927618637418,0.6249514822224922,0.2056583269213915
8476897,Oskar Sundqvist,F,"DET,MIN",67,0.2569368741248038,-0.02836607595491742,0.0,0.004654961280810423,0.24665515047025505,0.4688214320901987,0.21445915102022542
8480995,Pontus Holmberg,F,TOR,37,0.2162757841729642,0.0,0.0,0.007765130719596627,0.2767711017503556,0.399278370780857,0.21474895938251878
8476902,Esa Lindell,D,DAL,82,0.1885979435623317,0.15434443347292534,0.0,0.0,0.7513978230165179,0.4751015598480884,0.08247910158044529
8476905,Chandler Stephenson,F,VGK,81,0.41467413761183175,0.065322668507877,0.011117995384971583,0.004485133536113299,0.38500797593347236,0.4576461930147702,0.14358297211720264
8476906,Shayne Gostisbehere,D,"ARI,CAR",75,0.3057190334089204,-0.028612354585317936,0.02296658296273241,0.0,0.5375177256485721,0.33497972029727147,0.17018473145600155
8481006,Tyler Tucker,D,STL,26,0.11305556789355879,-0.17004931267454448,0.0,0.0,0.545836543402008,0.8366256500289077,0.2677420756850953
8476913,Devin Shore,F,EDM,47,0.13741875839305712,0.08134691364828141,0.0,0.006827763600571454,0.3039177477413669,0.5061273509214292,0.060630252112471
8481013,Jonatan Berggren,F,DET,67,0.26954650712150735,-0.10015211565433782,0.0,0.006314242874443735,0.2532949096813244,0.18971957899371325,0.14486045696393163
8476918,Jimmy Vesey,F,NYR,81,0.2009192433090004,0.07506441216061817,0.011117995384971583,0.002286719814056542,0.299247147303356,0.5709553158922862,0.12194674029109613
8476917,Adam Pelech,D,NYI,61,0.2155134054959795,0.10202467791693232,0.0,0.0,0.7915859937061982,0.6054336406593073,0.2884332855564377
8481014,Alexander Romanov,D,NYI,76,0.18876623014535698,0.07367360469446459,0.0,0.0,0.6849521548849069,1.0224076190940803,0.2688800986894061
8476921,Jordan Martinook,F,CAR,82,0.24952546153172672,0.03895413363181094,0.01098901098901099,0.0036917285441730174,0.24307965979548607,0.46579382355383797,0.3538641844105057
8478970,Jalen Chatfield,D,CAR,78,0.1241615829541597,0.1473330492013438,0.011524061197371049,0.0,0.41752178946334073,0.520869628449301,0.20548235547250834
8481019,David Gustafsson,F,WPG,46,0.09757377382250638,0.02483689826133303,0.0,0.0068150796981100055,0.23831701754951573,0.28223286203898207,0.0873163748129959
8476923,Damon Severson,D,NJD,81,0.25398580835140167,0.05409255338945977,0.011117995384971583,0.0,0.6112314732873679,0.32945294328747543,0.20019833958241612
8476925,Colton Sissons,F,NSH,82,0.23242407375492943,-0.024710439641122867,0.01098901098901099,0.004244381090192616,0.4754790820270918,0.7904563114702723,0.14137845050643655
8476919,Chris Tierney,F,"FLA,MTL",36,0.18443083860696474,-0.10540201855459479,0.0,0.00841369007519609,0.3189084311674801,0.23684970662751653,0.10733500838578398
8478975,Mason Marchment,F,DAL,68,0.2656545165696665,-0.04453572312386829,0.0,0.004440906456227945,0.33468252660469594,0.531364146962959,0.3169958998198427
8476927,Teddy Blueger,F,"PIT,VGK",63,0.16560494468225023,-0.0756529643168506,0.0,0.005368329582182331,0.402411349407628,0.6108297887272681,0.1600694504038736
8476931,Jake McCabe,D,"CHI,TOR",76,0.21257547512095523,0.1203321604409052,0.0,0.0,0.7786397195083428,0.8542984739654073,0.2309342696839136
8474884,Mike Hoffman,F,MTL,67,0.2915488271891872,-0.06672298201094008,0.0,0.006027121474827156,0.21263517217892974,0.22885871719130887,0.22187955153476235
8481032,Paul Cotter,F,VGK,55,0.2039508028455591,-0.04399413487302073,0.0,0.006552514860156802,0.18652904363807435,1.1271145238448643,0.14643551801563182
8470794,Joe Pavelski,F,DAL,82,0.474340732043917,0.22458177490455983,0.0,0.004196812164806141,0.4113282949530816,0.5138121546961326,0.06818547338888038
8481043,Cole Koepke,F,TBL,17,0.047619047619047616,-0.17659290375823725,0.0,0.0,0.18729846885044465,0.7558272107548878,0.07999999999999999
8476958,Jaccob Slavin,D,CAR,76,0.2219666503161779,0.10502122820412214,0.0,0.0,0.6191789585505317,0.2856236477810698,0.07276621886340087
8481058,Jesse Ylonen,F,MTL,37,0.2711864406779661,-0.146003656227504,0.0,0.011439500025491175,0.4160567298837815,0.23858424088820562,0.0
8476967,Brett Kulak,D,EDM,82,0.16178964706182047,0.06253592910046392,0.0,0.0,0.6004630871545251,0.598386336976333,0.23252660400481343
8481068,Yegor Sharangovich,F,NJD,75,0.24829143021652422,-0.01893191601669203,0.02296658296273241,0.0032226793561699234,0.3117503625031074,0.19097304697963624,0.13190072916444287
8479026,Philippe Myers,D,TBL,11,0.18869135611650445,0.0,0.0,0.0,0.32946934339756706,1.0065265168631856,0.16913955288959154
8476979,Erik Gustafsson,D,"WSH,TOR",70,0.31833748938915446,0.054194770214095175,0.0,0.0,0.4631063464991423,0.39317232169446953,0.1753533745726328
8476981,Josh Anderson,F,MTL,69,0.29364535256287444,-0.05333552829468082,0.012945618740414382,0.004332681531856701,0.38324438085259543,0.7538166418781812,0.2772779399860044
8481093,Rafael Harvey-Pinard,F,MTL,34,0.325227291513248,0.08947059806282809,0.02516067440201422,0.0,0.695118643091216,0.76,0.1721668549030453
8477015,Connor Brown,F,WSH,4,0.0,-0.3588989435406736,0.0,0.06801682368336527,0.17445763018700947,0.8038475772933681,0.0
8479066,Ryan Lomberg,F,FLA,82,0.17062861515930705,-0.006079307340263851,0.0,0.004523770152860485,0.18600051029138617,0.6828303529781229,0.3134842273993073
8477018,Ben Hutton,D,VGK,31,0.17136350051627275,0.01770065090686841,0.0,0.0,0.5410276662295229,0.339914465131936,0.12162909331369576
8477021,Alexander Kerfoot,F,TOR,82,0.2505120103342516,0.05049870861383529,0.01098901098901099,0.0037617432453301955,0.31753716061604814,0.3690749608903703,0.20632244892837173
8481122,Simon Benoit,D,ANA,78,0.0935334135106671,-0.16664172965553858,0.0,0.0,0.7359848201798979,1.0782347708185354,0.25755709117048026
8477034,Jaycob Megna,D,"SJS,SEA",54,0.15696545114107635,0.024186583981255675,0.0,0.0,0.6130089900092536,0.6197819387402717,0.19933227805271522
8481147,Reese Johnson,F,CHI,57,0.08054463672877492,-0.12825996301249787,0.0,0.006059487367586041,0.24528217696409552,1.1905601238834047,0.24508063960622217
8481161,Jake Christiansen,D,CBJ,24,0.12141716201613581,-0.14440589162112352,0.0,0.0,0.46524616522447326,0.4774575140626314,0.10733500838578401
8481167,Brayden Pachal,D,VGK,10,0.14285714285714288,0.125,0.0,0.0,0.6061230866018629,1.0858169932033028,0.4040820577345752
8481178,Egor Zamula,D,PHI,14,0.17980589839889619,0.0,0.0,0.0,0.49299722327700557,0.3549201459044041,0.09429024234822253
8481186,Logan O'Connor,F,COL,82,0.2004511047762674,0.06845239630100602,0.02113067926853336,0.0017583640864795704,0.31320432649951946,0.5946694480685121,0.22678792918765758
8470966,Mark Giordano,D,TOR,78,0.20670923437038707,0.173269373562916,0.011524061197371045,0.0,0.7336639595814488,0.3925163638935495,0.28982878910122084
8475149,Marcus Johansson,F,"WSH,MIN",80,0.3341708399891022,0.017058083027786015,0.021623960282896607,0.003903704647105438,0.19105268540780063,0.2021443108922461,0.06499767877275348
8475151,Kyle Palmieri,F,NYI,55,0.32162952427619057,0.10308824195018278,0.0,0.005001456679282323,0.20607196082613674,0.5335955553790638,0.22848442167582889
8475158,Ryan O'Reilly,F,"STL,TOR",53,0.3046450200968303,-0.16472539385214677,0.01660823266197752,0.006749111048852602,0.24941078571843542,0.21061162911286296,0.1663650151983779
8475164,Jakob Silfverberg,F,ANA,81,0.2115871931035281,-0.1178773219161193,0.0,0.0031330299950115092,0.3512328874407533,0.090473464369016,0.20663192758798027
8475166,John Tavares,F,TOR,80,0.49390153191919667,-0.03582884531431562,0.0,0.004579101035074321,0.27272727272727276,0.6456575407581074,0.21993344131563847
8475167,Victor Hedman,D,TBL,76,0.3602279130704335,0.05485419646514571,0.01181191825331619,0.0,0.7460940793619617,0.6126531613135687,0.23406047558310575
8475168,Matt Duchene,F,NSH,71,0.4145750449555318,0.02384835996732327,0.0,0.004741914964866052,0.2670533990162161,0.23567192835419465,0.17224047721992947
8475169,Evander Kane,F,EDM,41,0.37737687448863805,-0.045070754893177224,0.02113067926853336,0.0061014740537437,0.22652095082530643,0.9377954487616446,0.45339965279092387
8475170,Brayden Schenn,F,STL,82,0.442269466079503,-0.13310252493659155,0.0,0.0038915867465127408,0.28014917186056065,0.6044570060266188,0.2326273057319647
8475171,Oliver Ekman-Larsson,D,VAN,54,0.25084203368566316,-0.18442887702247604,0.0,0.0,0.4168161299309039,0.49903034641855515,0.2152475847954939
8477220,Nate Schmidt,D,WPG,71,0.18161749426465829,0.11104688704166032,0.0,0.0,0.5485978465273444,0.36505665562279926,0.0771148176619001
8475172,Nazem Kadri,F,CGY,82,0.3838906389264849,-0.10826623208336911,0.0,0.0039115803648924,0.23092996797509058,0.5373428476453882,0.24155989052066673
8475177,Calvin de Haan,D,CAR,53,0.15961464128017872,0.0698443338734151,0.0,0.0,0.4696972892008987,0.7406412709984783,0.20140307936358193
8475179,Dmitry Kulikov,D,"ANA,PIT",67,0.16012144368254375,-0.08288474104137383,0.0,0.0,0.6046814050526426,0.6792919841621505,0.27132815036969504
8475181,Nick Leddy,D,STL,78,0.19539304105245622,0.022492143969917066,0.0,0.0,0.5573820400040506,0.3099386397000597,0.1536645705016576
8475184,Chris Kreider,F,NYR,79,0.4012788132822209,0.12664208325092688,0.041528020147659474,0.0039187906066386795,0.19210029739187567,0.6998950927571623,0.18213722790401485
8475188,Brayden McNabb,D,VGK,82,0.14452952402585997,0.09350687721870606,0.0,0.0,0.966793799651252,0.977625689728815,0.18013603393860197
8475191,Reilly Smith,F,VGK,78,0.4104170989695088,0.06332279590228675,0.042014754295725466,0.005980765600498851,0.24310872108560908,0.391309362902304,0.12766435685828542
8475193,Tomas Tatar,F,NJD,82,0.3348414064749427,0.23854943596258407,0.0,0.0034801164493663958,0.21881852557627188,0.39943970736612505,0.1935227359026997
8479291,Kevin Rooney,F,CGY,17,0.047619047619047616,-0.07020222556591009,0.0,0.0173404350568518,0.28174377526545835,0.6217218030321852,0.18386550025766668
8477244,Chad Ruhwedel,D,PIT,47,0.07759686148513727,-0.043337411168802596,0.0,0.0,0.5297339677169108,0.7990386228260592,0.2027912502332051
8479293,Brandon Tanev,F,SEA,82,0.26261730792156346,0.12520397166786312,0.01098901098901099,0.001289358670866697,0.431605432316382,0.8505726370829163,0.2074568723057052
8475197,Tyson Barrie,D,"EDM,NSH",85,0.37382187080475643,-0.039667733854190125,0.0,0.0,0.5179278894991952,0.36094088784243444,0.21999724477175794
8475200,Dmitry Orlov,D,"WSH,BOS",66,0.29972276385189744,0.07602264713423608,0.0,0.0,0.5780371676926002,0.807782099396551,0.19098300562505252
8475208,Brian Dumoulin,D,PIT,82,0.19875411609122487,-0.02090481304487244,0.0,0.0,0.7696934867625226,0.6632671514659795,0.12245325898113585
8475218,Mattias Ekholm,D,"NSH,EDM",78,0.2487640399573759,0.15041790929248988,0.0,0.0,0.6367753070266232,0.5083236601759858,0.20309499629010977
8479314,Matthew Tkachuk,F,FLA,79,0.6258881972124151,0.13670764641897484,0.0,0.00425719481007138,0.23858757452629326,0.4573426872706555,0.3635173377742932
8475220,Marcus Foligno,F,MIN,65,0.21124783872687253,-0.04474468503277373,0.0,0.0058823529411764705,0.3460314099052476,1.3305681026194258,0.32938217282329163
8479316,Luke Kunin,F,SJS,31,0.24549378037306488,-0.1321693152719165,0.0,0.010836326375217304,0.43379766652791174,0.8086859795712353,0.34720310397373816
8479318,Auston Matthews,F,TOR,74,0.6059322464137759,0.16894258479178786,0.0,0.004610226626060819,0.5473418974957228,0.4825669317896884,0.15367749233672293
8479315,Joey Anderson,F,"TOR,CHI",38,0.159694636173286,-0.1079462759693956,0.0,0.0,0.25558853787792296,0.48721917926475655,0.0
8475225,Craig Smith,F,"BOS,WSH",64,0.16666666666666666,0.04174447172823674,0.0,0.002952048283727969,0.21026328700057384,0.3944487245360107,0.15800570688709145
8479323,Adam Fox,D,NYR,82,0.47182963949415874,0.13888934971644276,0.0,0.0,0.7055439361241452,0.19589716286975994,0.22898231820795392
8479324,Ryan Lindgren,D,NYR,63,0.1783108048254765,0.1954730209868263,0.014109544951622264,0.0,0.6542114534699703,0.5362921871717822,0.29665673203887877
8479325,Charlie McAvoy,D,BOS,67,0.41328302883443113,0.20928330311155624,0.0,0.0,0.7669019319321607,0.5486029544179334,0.34429046278724507
8475231,Casey Cizikas,F,NYI,81,0.17384178276681517,0.0,0.0,0.0042561432053561795,0.40744229430057616,0.8949573571164559,0.22846110142761478
8475233,David Savard,D,MTL,62,0.21494201810749966,-0.09662000642652295,0.0,0.0,0.9988063567020741,0.46534016109523524,0.20298845270651025
8475235,Nicolas Deslauriers,F,PHI,80,0.10787389667339242,-0.0807606288671887,0.011250087894745202,0.0029209064859588144,0.21395465064469885,1.2213603090722174,0.36845487063528204
8474618,Marco Scandella,D,STL,20,0.07692307692307693,0.04503174725987148,0.0,0.0,0.5729755414072748,0.603778118922497,0.17501458600758063
8479336,Carl Grundstrom,F,LAK,57,0.212008583820868,-0.03702024216235846,0.0,0.0063038272225892965,0.19510395049429374,0.9879382467010573,0.14390447352964778
8479337,Alex DeBrincat,F,OTT,82,0.4356901211842748,-0.16154633837888838,0.0,0.0049951536955780765,0.28126548586130473,0.5671047341371112,0.19263035038385576
8479339,Patrik Laine,F,CBJ,55,0.4820294942721598,-0.09911153598860994,0.0,0.004600671307770821,0.2962520104840005,0.27528178071766224,0.17060945315628528
8479343,Clayton Keller,F,ARI,82,0.5417892630642319,-0.009796840379897453,0.01098901098901099,0.0029835865368823223,0.24682496083843358,0.1521854923632001,0.2118752030260214
8479345,Jakob Chychrun,D,"ARI,OTT",48,0.3830774392200201,0.05801582858581381,0.0,0.0,0.713038716963374,0.5150813571944663,0.31049156228643593
8479346,Dillon Dube,F,CGY,82,0.30510448484356084,-0.03481189993588391,0.021130679268533358,0.0036388794011408317,0.17498081682753835,0.7071297862156256,0.19065820469264333
8479351,Sam Steel,F,MIN,65,0.25661354979977374,0.07794876883068377,0.013698630136986302,0.005008913026203182,0.15845383879649033,0.37450948667040107,0.1637854252860248
8479353,Brett Howden,F,VGK,54,0.16864108019471458,0.05443362622557181,0.0,0.006045692694393582,0.3759326405770625,0.8057398310790576,0.3454571734001616
8479359,Beck Malenstyn,F,WSH,9,0.15696545114107638,0.0,0.0,0.08454209418155904,0.3297193019803516,1.2889457226127334,0.13645492859214775
8483460,David Jiricek,D,CBJ,4,0.0,-0.4142135623730951,0.0,0.0,0.7059241306156481,1.2300753773602804,0.2679491924311227
8479365,Trent Frederic,F,BOS,79,0.24461762656852545,0.18127835146195623,0.0,0.003225516927241213,0.266807925026734,0.5880739183389606,0.27937342362773177
8483464,Marco Kasper,F,DET,1,0.0,0.0,0.0,0.125,0.0,3.0,0.0
8479369,Andrew Peeke,D,CBJ,80,0.11870768336991927,-0.20852962418278856,0.0,0.0,0.8898343000345527,0.7637085569888526,0.15643885373431632
8479370,Tyson Jost,F,"MIN,BUF",71,0.23376632761254426,-0.0916722115101872,0.0,0.003794937529741416,0.25804488573311657,0.43646109012222156,0.21348606993517893
8479371,Dante Fabbro,D,NSH,79,0.10343246399310002,-0.02371393422716587,0.0,0.0,0.6888856357020512,0.5888267526279835,0.3041054984004972
8479372,Josh Mahura,D,FLA,82,0.13683576048504079,0.1051292507620916,0.0,0.0,0.41899939273102854,0.5270289647110397,0.2148406974533636
8479368,Max Jones,F,ANA,69,0.18266722115970563,-0.1583800557474056,0.0,0.004895123731267152,0.17382184144823218,0.7517896328958017,0.3889421909347392
8475279,Ben Chiarot,D,DET,76,0.1677816064975232,-0.1766040494720524,0.0,0.0,0.7792040020942744,0.7824540344056915,0.292837478063914
8481422,Jake Lucchini,F,OTT,11,0.07061011116965424,-0.11544307851020351,0.0,0.0,0.07061011116965425,0.7693062584750641,0.0
8479378,Logan Stanley,D,WPG,19,0.11570412239352547,-0.028831416162103284,0.0,0.0,0.5578442736746189,0.9441179283843365,0.42205021020110656
8477330,Dominik Kubalik,F,DET,81,0.322981961742582,-0.0886086839096468,0.0,0.004494933338635029,0.2026048148843508,0.5301066760943692,0.16120121666471823
8479379,Givani Smith,F,"DET,FLA",36,0.08454209418155904,-0.031868357515450675,0.0,0.0,0.15696545114107635,0.8930281248712459,0.35864724961825006
8477335,Kyle Burroughs,D,VAN,48,0.07617864503625589,-0.03722167204309748,0.0,0.0,0.6537043974998477,1.2320385085422412,0.41650898256596247
8475287,Erik Haula,F,NJD,80,0.3002349822711026,0.07427231398971504,0.021623960282896603,0.004357796299537465,0.35958954250992686,0.5609756097560976,0.2735413194947527
8479385,Jordan Kyrou,F,STL,79,0.4702900509360199,-0.1886553705970137,0.0,0.0036152245558170957,0.26232111150158915,0.12279163326015463,0.16454850688100764
8479383,Boris Katchouk,F,CHI,58,0.17447325606674732,-0.0839931343377745,0.0,0.002907512104917685,0.1798629080632553,0.6517286761775483,0.19070986901612988
8479390,Taylor Raddysh,F,CHI,78,0.2743596603217237,-0.18567503954267206,0.0,0.0052442920123672064,0.2789177539594066,0.5193985799013562,0.12766435685828542
8479393,Noah Gregor,F,SJS,57,0.18742158799053832,-0.07445715910489438,0.0,0.004254753787691849,0.3289216158013925,0.7014265424131622,0.23879439889848658
8477346,MacKenzie Weegar,D,CGY,81,0.22820086099086437,0.08165333563484624,0.0,0.0,0.6485291030105949,0.849568126554525,0.2500399434094407
8479395,Dennis Cholowski,D,NYI,2,0.0,-0.2,0.0,0.0,0.3333333333333333,0.0,0.0
8479398,Samuel Girard,D,COL,76,0.2900470912786804,-0.05342065117082743,0.0,0.0,0.6628762739735417,0.40849413235403664,0.13045504373883376
8479400,Pierre-Luc Dubois,F,WPG,73,0.45513092190979615,0.02708332944473262,0.0,0.004456331670728002,0.33410177389924894,0.44114952429166954,0.4133597482660106
8477353,Tyler Motte,F,"OTT,NYR",62,0.19692817074066538,0.02642098767791199,0.014324544098359327,0.004783785638155518,0.4288071531897476,0.7894259159435151,0.06771377029725738
8479402,Jake Bean,D,CBJ,14,0.2479539764878976,-0.06723137492398545,0.0,0.0,0.5889544482852088,0.5450994805722287,0.2353945037741196
8471214,Alex Ovechkin,F,WSH,73,0.5052815780992606,-0.08731471074131034,0.0,0.005032836660233147,0.20062573312149576,0.7806424193009653,0.2444574972106769
8479407,Jesper Bratt,F,NJD,82,0.4998663008757428,0.07629888677654105,0.0,0.0,0.1764021726869562,0.18859794356233167,0.0531963899203449
8471215,Evgeni Malkin,F,PIT,82,0.517406167863836,-0.0631578947368421,0.0,0.003978248547068882,0.2372903473648121,0.3447633095813738,0.23958833649960248
8479410,Mikhail Sergachev,D,TBL,79,0.4293244939242359,0.0661466609344038,0.0,0.0,0.7672680918165278,0.6538175024804435,0.3145009618020496
8475314,Anders Lee,F,NYI,82,0.34621735966568346,-0.01583239759245056,0.0,0.0047131901227928244,0.3755479538718878,0.6770282505770483,0.27882460852932156
8471218,Blake Wheeler,F,WPG,72,0.40424927981426945,-0.018322478280895015,0.0,0.004950956883390784,0.2916919898999458,0.3960604257630181,0.2976675011555626
8477365,Connor Clifton,D,BOS,78,0.18665547090301038,0.11370232002379052,0.011524061197371049,0.0,0.6504437464792943,1.0562206446076914,0.3064672951824628
8479414,Nathan Bastian,F,NJD,43,0.21234262780409435,0.0874852247880909,0.0,0.005157619110527944,0.45430198527654964,0.898235624284451,0.2543757206561802
8479415,Michael McLeod,F,NJD,80,0.21068826626683865,0.03803651288246224,0.0,0.004680829021397472,0.3436583200283623,0.7391435654432679,0.1742116115825562
8477369,Carson Soucy,D,SEA,78,0.14021442620741223,0.11195644561639476,0.0,0.0,0.5600856520249069,0.7219640200310828,0.3259609671817691
8483515,Juraj Slafkovský,F,MTL,39,0.17847777119474897,-0.17404544236055294,0.0,0.009669634046657287,0.33525011902741725,0.5881848358444502,0.24564265018496492
8475324,Nick Jensen,D,WSH,77,0.23807429810260936,-0.006086276634889894,0.0,0.0,0.7032415075608706,0.5889460889705074,0.14231806517281967
8479421,Jacob Moverare,D,LAK,2,0.0,-0.3333333333333333,0.0,0.0,0.6666666666666666,1.0,0.0
8479420,Tage Thompson,F,BUF,78,0.5274977850116943,0.020572931810826058,0.011524061197371045,0.0038179076716640856,0.2154789145402251,0.35694473370170493,0.2386794589262023
8479425,Filip Hronek,D,"DET,VAN",64,0.3587520578557767,0.04391202353295727,0.0,0.0,0.44719867141994246,0.7348363449200919,0.20203453219167608
8477380,Jonny Brodzinski,F,NYR,17,0.08897895308840416,0.11665073398476977,0.0,0.02060757865956181,0.16521345905606788,0.3121514355987041,0.25459702697718944
8483524,Shane Wright,F,SEA,8,0.17445763018700947,0.3333333333333333,0.0,0.031590392744197934,0.45141622964513645,0.09393418752518262,0.15047207654837882
8481477,Nico Sturm,F,SJS,74,0.2258239646769126,-0.08289169406043219,0.012114750371031364,0.004803480320897766,0.3406201807345523,0.6302625268361051,0.15764680437224918
8481481,Blake Lizotte,F,LAK,81,0.2613949424732963,0.0651062730221489,0.0,0.0041471820210982075,0.29180742500666224,0.5702022338479524,0.2876206747371598
8475343,Nic Dowd,F,WSH,65,0.24041425712351341,0.047578845582785044,0.0,0.005144162452124837,0.44525547445255476,0.6997325888254128,0.2060413965884639
8477392,Hudson Fasching,F,NYI,49,0.25385561259886713,0.0995819147625417,0.0,0.003521723303201292,0.2791901951532988,0.4365794459411843,0.1271216702933422
8479439,Jacob MacDonald,D,"COL,SJS",58,0.10256410256410257,-0.12600843630202538,0.0,0.0,0.365833211137689,0.5018928009765522,0.20380250711259748
8479442,Troy Stecher,D,"ARI,CGY",81,0.12262818702623036,-0.03610750995212415,0.0,0.0,0.5537267464820675,0.42880716545115705,0.2395799581183583
8477402,Pavel Buchnevich,F,STL,63,0.5301810799638796,0.09702708610931725,0.0,0.003626838256058148,0.2283197390376395,0.42084057658758606,0.22588338697295474
8477404,Jake Guentzel,F,PIT,78,0.5093960279061776,0.01021380497695873,0.0,0.005003131411496113,0.32073247726247944,0.49048716264440045,0.29220649958178435
8477406,Mattias Janmark,F,EDM,66,0.22397825371617386,0.06495366073947471,0.03761862700873469,0.0045773680871906705,0.25025364495965285,0.19918473475302326,0.23049253382727994
8477407,Anthony Duclair,F,FLA,20,0.2586307332456427,0.08892842845702845,0.0,0.0,0.26962989392607756,0.45803989154980795,0.06964322291925096
8477409,Carter Verhaeghe,F,FLA,81,0.4620063296543436,0.04917977867375862,0.0,0.004279087094316142,0.23342084162326832,0.20960038937169104,0.29048414649961213
8479458,Nikita Zaitsev,D,"OTT,CHI",46,0.12611215993747155,-0.0924852959072146,0.0,0.0,0.6866575840014114,0.7444268895580788,0.22593615253645472
8477416,Oliver Bjorkstrand,F,SEA,81,0.3297193019803516,-0.00609868127172186,0.0,0.0029189733990820903,0.24641399409332618,0.4180111025283889,0.12371243968992833
8471274,Alex Goligoski,D,MIN,46,0.09010191389370921,-0.08856982212224764,0.0,0.0,0.5968844681539398,0.3875352508922385,0.19784548358532636
8481517,Brett Leason,F,ANA,54,0.11403971925978734,-0.19738187494679665,0.0,0.005181295293487378,0.220871215252208,0.3477109057911385,0.15507874992370152
8483565,Nick Blankenburg,D,CBJ,36,0.23772713991804573,-0.20997512422417808,0.0,0.0,0.7338255294095886,0.7408691098960694,0.24266963623233873
8477425,Miles Wood,F,NJD,76,0.2136270465760997,0.0063951742918773495,0.0,0.001967644582759418,0.16488748658356026,0.5798538666184795,0.26345786586005654
8481522,Peyton Krebs,F,BUF,74,0.22582396467691265,-0.053848336117047084,0.012114750371031364,0.004102492314175544,0.16666666666666669,0.6009587854150622,0.3027985501972443
8477426,Nick Paul,F,TBL,80,0.24327867600939743,0.06644471944223045,0.011250087894745202,0.004314801378057156,0.3189607373143993,0.603529055932463,0.2150910073309786
8481524,Bowen Byram,D,COL,42,0.3521468075279101,0.07339370696987144,0.02065982342574994,0.0,0.5950791553955084,0.8146921729986748,0.34024262978913994
8481523,Kirby Dach,F,MTL,58,0.37321566841017667,-0.015454244568466015,0.0,0.004804692871917425,0.3481548107128981,0.47255111652247583,0.3126022036256978
8477429,Andrew Copp,F,DET,82,0.30395513450907863,0.011302460526835737,0.01098901098901099,0.004027022307390691,0.30256005648325973,0.2327921184609808,0.16601036950755246
8481527,Kaedan Korczak,D,VGK,10,0.14285714285714288,-0.14962686336267078,0.0,0.0,0.4040820577345752,0.8039871818644193,0.0
8481528,Dylan Cozens,F,BUF,81,0.4337033935776923,-0.015972147735676644,0.021374416651576907,0.0039972145904627185,0.24182217792720215,0.34757355661839684,0.2347718942981591
8477435,Ryan Graves,D,NJD,78,0.2123277117608498,0.17269570323882882,0.0,0.0,0.7712611643120928,0.5149889594950063,0.19598359759839679
8481532,Alex Turcotte,F,LAK,4,0.0,-0.3333333333333333,0.0,0.08113501548819022,0.0,0.17445763018700947,0.3949367828681683
8481533,Trevor Zegras,F,ANA,81,0.4477458396009186,-0.13045887934897152,0.0,0.0034990456203267887,0.22757101818744777,0.32713336375618424,0.3056812153124517
8481535,Nils Hoglander,F,VAN,25,0.23119374827225733,-0.08510638297872339,0.0,0.016708756636788974,0.2070490806927407,0.4468085106382978,0.14546132726971878
8481537,Nikita Okhotiuk,D,NJD,10,0.07692307692307693,0.058823529411764705,0.0,0.0,0.4916253301205589,1.0093670835667092,0.125
8481540,Cole Caufield,F,MTL,46,0.4213179098593689,-0.09739515749287421,0.0,0.0,0.17062165258903247,0.23361954074187422,0.0336607356766542
8477444,Andre Burakovsky,F,SEA,49,0.42868362250141184,-0.0753328130168122,0.0,0.0,0.1984897299896209,0.20947344807047555,0.1680816411546915
8481542,Moritz Seider,D,DET,82,0.27989028653673165,-0.05601607576087922,0.01098901098901099,0.0,0.9567704274199624,0.8818821398140846,0.24814517762006003
8477447,Shea Theodore,D,VGK,55,0.4274638425394076,0.11763104335514606,0.0,0.0,0.7476094487261662,0.17327961343775414,0.17084491111447783
8477446,Michael McCarron,F,NSH,32,0.09393418752518262,-0.0459195387930316,0.0,0.011657766879682641,0.35929658912075585,1.0708250360319982,0.2821338836475857
8477500,Bo Horvat,F,"VAN,NYI",79,0.44448489262218055,-0.005683316602825762,0.04152802014765947,0.004579142970027612,0.36545275024066876,0.38572154797930974,0.12810090844748134
8481546,Cam York,D,PHI,54,0.23828456342384627,-0.008109109212542868,0.0,0.0,0.5868900984767447,0.4375419466299258,0.19098300562505258
8477451,Ryan Hartman,F,MIN,59,0.3569560164285865,0.0540666410562561,0.028703844222137623,0.004998383473463773,0.42575794642744463,0.5051582298516205,0.39215811549702795
8477450,Jason Dickinson,F,CHI,78,0.23104306018319015,-0.17157532289371985,0.0,0.004094850819543368,0.5033988442371788,0.6278756116811939,0.19598359759839676
8481541,Samuel Bolduc,D,NYI,17,0.12776428301528917,0.16129032258064516,0.0,0.0,0.4709960243657506,0.6970923689820766,0.07999999999999999
8477456,J.T. Compher,F,COL,82,0.33304509567350743,0.04551514645202452,0.0,0.0040144108813864095,0.48562030024338565,0.26802926937150323,0.18941290145423953
8481554,Kaapo Kakko,F,NYR,82,0.2959040739093088,0.06843920593535778,0.0,0.0028899415771420586,0.21350039181115477,0.20319405236775587,0.06818547338888037
8481557,Matt Boldy,F,MIN,81,0.4030725584195194,0.005802666968132236,0.0,0.00427709326925941,0.20837985604554504,0.43667306185042554,0.2291470156792331
8481559,Jack Hughes,F,NJD,78,0.6401072006120834,0.056870981849426794,0.0,0.0032179593899814432,0.21508197140940644,0.11030465271803438,0.05555555555555556
8481560,Arthur Kaliyev,F,LAK,56,0.30735503603575753,-0.04493491223815338,0.0,0.0,0.12172351687910261,0.3580586140794033,0.1323903957559243
8481563,Drew Helleson,D,ANA,3,0.22654091966098638,0.0,0.0,0.0,0.5505102572168219,0.45308183932197277,0.3431457505076198
8481567,Henry Thrun,D,SJS,8,0.15047207654837882,-0.16185023954379185,0.0,0.0,0.6318007205765767,0.3333333333333333,0.0
8479520,Brandon Duhaime,F,MIN,51,0.13581897080914543,0.06123113743690194,0.017220279179982173,0.004381686256375485,0.2222222222222223,1.0543365261372715,0.32714823635126106
8481568,Alex Vlasic,D,CHI,6,0.1214171620161358,-0.08062484748656973,0.0,0.0,0.6642147579731785,0.43916799490392566,0.0
8477476,Artturi Lehkonen,F,COL,64,0.4348483467219785,0.05142571854118802,0.01390100323997179,0.0021750329069226545,0.3709666348209889,0.6356349755195081,0.23949017423134975
8479525,Ross Colton,F,TBL,81,0.24063630434024894,-0.049658616386033486,0.0,0.004400602211127764,0.2172298660274804,0.9058903795302676,0.19238005094079455
8477478,William Carrier,F,VGK,56,0.27985596759261827,0.13107534057784526,0.0,0.0020928553760641037,0.23869900542609104,0.9912584027545263,0.24085446299252758
8477479,Tyler Bertuzzi,F,"DET,BOS",50,0.33810499613777495,-0.07747875768517597,0.0,0.003885647084403184,0.26870309445929513,0.5116845366671254,0.21884040021388837
8481577,Philip Tomasino,F,NSH,31,0.33991446513193596,0.0840398088070465,0.0,0.012307903215355227,0.3098387307498978,0.44555219571843074,0.12162909331369572
8481580,Connor McMichael,F,WSH,6,0.0,0.0,0.0,0.0790056993642588,0.2360679774997897,0.22654091966098638,0.2910303307583679
8481581,Thomas Harley,D,DAL,6,0.22654091966098638,0.4391679949039257,0.0,0.0,0.6332495807107996,0.1214171620161358,0.19098300562505255
8481582,Nicholas Robertson,F,TOR,15,0.208818210000029,0.0823939784820762,0.0,0.03481867858901711,0.25846428082073414,0.5050538006462949,0.0
8479543,Michael Pezzetta,F,MTL,63,0.1530835444313016,-0.033618490974306005,0.0,0.004982719781713619,0.2758003316223498,1.170612809008128,0.3976514778667722
8477488,Brett Pesce,D,CAR,82,0.22381637954409306,0.05664242849315161,0.0,0.0,0.6618919756418763,0.2739975122183416,0.21328993551347566
8477492,Nathan MacKinnon,F,COL,71,0.708320103134038,0.1425279494460963,0.0,0.004337767308449046,0.31295111207132575,0.3867330457979763,0.21730907576362343
8477493,Aleksander Barkov,F,FLA,68,0.5603855403918876,0.05754622574256371,0.013125882648261476,0.0052124207343869485,0.3992339385113322,0.3848663250249699,0.0743508383600873
8479542,Brandon Hagel,F,TBL,81,0.40747263810506706,0.11316810610969881,0.011117995384971583,0.002742689142999595,0.37843345070022216,0.44960925787131106,0.2771476435954569
8477495,Seth Jones,D,CHI,72,0.2944539666187183,-0.20958936727818914,0.0,0.0,0.7375356537563196,0.5956319139227771,0.20869628449300986
8477494,Jonathan Drouin,F,MTL,58,0.2859492805453957,-0.1406564029285803,0.0,0.005288709264986143,0.24155708588544414,0.2898276056431603,0.17109990499398925
8477496,Elias Lindholm,F,CGY,80,0.42105263157894735,0.033746596890988384,0.011250087894745202,0.0044599719830545215,0.3314507849393694,0.540919097506341,0.10621563632094651
8477499,Rasmus Ristolainen,D,PHI,74,0.17693095854308577,-0.024131192901678943,0.012114750371031364,0.0,0.8154363144658111,0.874336183445809,0.2371667147952605
8477498,Darnell Nurse,D,EDM,82,0.32189271357052024,0.13536540882973638,0.02113067926853336,0.0,0.8086230517564925,0.7510590554653475,0.33047575284304026
8477497,Sean Monahan,F,MTL,25,0.42118520455647135,-0.09544511501033223,0.0,0.014409937032892835,0.1982048021442218,0.24502964531088275,0.21209447296862088
8481596,Shane Pinto,F,OTT,82,0.2692955248180864,-0.11763084207002711,0.0,0.004158548308015128,0.3130621260273091,0.4447322036598816,0.12921176968127995
8477501,Valeri Nichushkin,F,COL,53,0.4607382262642382,0.12754396945991625,0.01660823266197752,0.0,0.38976699172263507,0.5360950926989598,0.029663817684078466
8481598,Philip Broberg,D,EDM,46,0.12139651747845394,0.05954019740169646,0.0,0.0,0.40810715019631216,0.30609366456183024,0.033660735676654195
8477505,Alexander Wennberg,F,SEA,82,0.27514889789036867,-0.03728180285099142,0.0,0.0038015287780803018,0.3985185780427065,0.3112523202702238,0.13190212428446868
8477506,Ryan Pulock,D,NYI,82,0.19314802084215008,0.050807431509688215,0.0,0.0,0.6877456382060396,0.7034722694413439,0.10952409228074882
8477507,Nikita Zadorov,D,CGY,82,0.16427211822307358,0.05300060744148773,0.0,0.0,0.42545589187122107,0.7799343084075031,0.3239065097155456
8477503,Max Domi,F,"CHI,DAL",80,0.3711554412398731,-0.08756760597232256,0.0,0.004327313411643984,0.19868839809758984,0.1834098019068943,0.25337508880044685
8477504,Josh Morrissey,D,WPG,78,0.5039751073301098,0.009489673171959917,0.0,0.0,0.7127667218681775,0.5542086225567505,0.21633452463154626
8475455,Brenden Dillon,D,WPG,82,0.18399999999999997,0.01075157665603845,0.0,0.0,0.6019164495734357,0.9427168747284118,0.2894634899058401
8481601,Simon Holmstrom,F,NYI,50,0.12559937447101455,-0.039669528978825606,0.0,0.0,0.2637681388052291,0.11863172648017684,0.0
8481604,Pavel Dorofeyev,F,VGK,18,0.28348486100883197,0.1396472751679603,0.0,0.0,0.29635174332352726,0.1111111111111111,0.19098300562505258
8477508,Curtis Lazar,F,"VAN,NJD",49,0.07833013073316981,-0.06624767267471274,0.0,0.006764681621301953,0.5097490932360186,0.9888655786566022,0.1908664318979274
8481606,Jordan Spence,D,LAK,6,0.1214171620161358,0.07530058172238342,0.0,0.0,0.28348486100883197,0.3333333333333333,0.0
8481605,Jackson LaCombe,D,ANA,2,0.0,-0.3333333333333333,0.0,0.0,1.8,0.3333333333333333,0.0
8475462,Radko Gudas,D,FLA,72,0.15600199826842306,0.10035975522543394,0.0,0.0,0.6908838900446054,1.4185304151240237,0.4277852692502711
8473419,Brad Marchand,F,BOS,73,0.48233006062930595,0.18245709208461974,0.0,0.003722999755044553,0.1955610567901868,0.4783480858155928,0.4352017633127616
8473422,Nick Foligno,F,BOS,60,0.25987014603504965,0.15218742905877689,0.0,0.005943597643626288,0.27075914355944264,0.9184343749566396,0.2758601472753229
8477511,Anthony Mantha,F,WSH,67,0.24455398911041146,-0.05449600584583295,0.0,0.006153245348625666,0.21263517217892974,0.5037585853016612,0.19393914508155896
8481617,Vasily Podkolzin,F,VAN,39,0.12970978656154947,-0.07036065837968768,0.0,0.008457689478413147,0.23669716482349712,0.6596924027838034,0.11544156733105919
8481618,Alex Newhook,F,COL,82,0.2293836763079982,0.0,0.0,0.0032972426749556974,0.2061264703691115,0.3855529473670009,0.1533296531567028
8477527,Ross Johnston,F,NYI,16,0.09393418752518262,-0.03768514653205008,0.0,0.05031957117756259,0.1974148209145321,0.7896784654955262,0.48309949635015054
8479576,Vincent Desharnais,D,EDM,36,0.10319938826472949,0.213260329900155,0.0,0.0,0.6120387496374143,0.613499451802817,0.37890434300181586
8481624,Ilya Mikheyev,F,VAN,46,0.32966058216636673,0.02569680646240495,0.0,0.003600232802998119,0.19679613037780122,0.1837226357407594,0.033660735676654195
8477541,Dakota Mermis,D,MIN,2,0.0,-0.3333333333333333,0.0,0.0,1.0,1.0,0.0
8473446,Erik Johnson,D,COL,63,0.0952651131461535,0.06400826020491714,0.0,0.0,0.7312598914391072,0.7425135367113741,0.12001622137110099
8479591,Michael Eyssimont,F,"WPG,SJS,TBL",54,0.17464109448496093,0.027929455033592055,0.0,0.005084702095577254,0.2322656680217461,0.8789067120742959,0.3437386692168561
8481641,Joel Kiviranta,F,DAL,70,0.0935076500899263,-0.07106308375064004,0.012770311765075952,0.0035531444479107908,0.1857305323975084,0.7389943379661226,0.27516793464959427
8473449,Kyle Okposo,F,BUF,75,0.23245528635439355,-0.046768741374588946,0.011961389791561408,0.0041088568212408185,0.2150888136549261,0.4841226377345771,0.24673211679795884
8473453,Trevor Lewis,F,CGY,82,0.17062861515930702,-0.0470459454591678,0.010989010989010988,0.0035434032642943872,0.24812030075187977,0.703854951463208,0.12921176968127995
8481656,Aliaksei Protas,F,WSH,58,0.17120515205113573,-0.06870104381689694,0.0,0.0044320705488659585,0.17120515205113573,0.36174873471765095,0.12858009376950066
8479619,Michael Carcone,F,ARI,9,0.22654091966098638,0.18350341907227397,0.0,0.0,0.08454209418155904,0.7185682798183747,0.13645492859214772
8477573,Nathan Walker,F,STL,56,0.12911954189264868,0.1029506398725328,0.0,0.0065170073224188555,0.3487762358361266,0.6540713748783277,0.20077084753854385
8473504,Cal Clutterbuck,F,NYI,49,0.1540166293449054,0.09361533531767421,0.0,0.003811188556275227,0.3608530412884571,1.3199111548822702,0.23771595613213084
8473507,Jeff Petry,D,PIT,61,0.2962035498168206,0.014462188580344782,0.0,0.0,0.7746411115961316,0.9443681449286438,0.19548147686450576
8473512,Claude Giroux,F,OTT,82,0.48945494074157503,0.02141931732710732,0.0,0.004462227515641275,0.2265209508253065,0.4461662350328261,0.22898231820795392
8481704,Juuso Parssinen,F,NSH,45,0.30333704529042343,-0.00977457913230946,0.0,0.007271865243922719,0.24296062374812255,0.6958535897249671,0.1639777949432224
8481708,Zachary Jones,D,NYR,16,0.08422482966923639,-0.05771213274299196,0.0,0.0,0.5,0.1974148209145321,0.15047207654837882
8479661,Tanner Jeannot,F,"NSH,TBL",76,0.16277332035623124,-0.04990274103452915,0.0,0.004453951960364777,0.39362396351852336,1.301819611569463,0.42359727481462056
8481711,Matias Maccelli,F,ARI,64,0.44427298933736276,0.0,0.0,0.0,0.1974148209145321,0.23445135195272784,0.16590291275693214
8479671,Mathieu Olivier,F,CBJ,66,0.14988990575210495,-0.15915237284660327,0.0,0.001721127354553194,0.44799224570608587,0.946231208033594,0.42594541307977485
8479675,Trevor Moore,F,LAK,59,0.2854581358939907,-0.015665002191996086,0.01501145979963076,0.004594148715532634,0.25103959627893907,0.4536291362816156,0.14409582578099278
8473533,Jordan Staal,F,CAR,81,0.25512398250963986,0.03967919179909065,0.011117995384971583,0.004395564842339341,0.27689067836138953,0.7864236335117749,0.21993420093109997
8477947,Sonny Milano,F,WSH,64,0.29467026620600045,-0.03505523366671523,0.0,0.0,0.16063936756973354,0.30560422741322696,0.15150398201902937
8483808,Andrei Kuzmenko,F,VAN,81,0.46961240050690445,0.04670785816425831,0.0,0.0,0.15384615384615383,0.11230490806621485,0.06890619996311732
8479718,Alex Barré-Boulet,F,TBL,1,0.0,0.0,0.0,0.0,0.0,0.0,0.0
8477955,Jared McCann,F,SEA,79,0.46988877942747015,0.09205595135602111,0.03188108987001089,0.003136869926704168,0.23186250189059782,0.39627040855929374,0.11299445183952136
8477962,Brendan Lemieux,F,"LAK,PHI",45,0.13772631313197875,-0.03648346977477666,0.0,0.008442049940630574,0.21398063660191113,1.058996882191011,0.4113736216007283
8479772,Zack MacEwen,F,"PHI,LAK",56,0.12513057142666617,-0.10981317961361091,0.0,0.006624815634997394,0.308037236692375,0.9358151665866186,0.37348370009044424
8475690,Chris Tanev,D,CGY,65,0.1359916320887087,0.047774068658111075,0.0,0.0,0.8105045371118552,0.38935801558153993,0.15842195675687637
8475692,Mats Zuccarello,F,MIN,78,0.4699518607979505,-0.017719272795349898,0.0,0.0036039143789660605,0.3435204985608806,0.33617015496227654,0.18403539902218125
8475714,Calle Jarnkrok,F,TOR,73,0.31355288870518405,0.059873257446529146,0.012272154960198104,0.0042184208431171885,0.17718180774411832,0.36550628947790614,0.11445827810406442
8475718,Justin Holl,D,TOR,80,0.15554633887944902,0.08275087115121676,0.0,0.0,0.7457450053718755,0.7627078813949137,0.23658312674480472
8475722,Jason Zucker,F,PIT,78,0.3473235556454704,-0.024192803739876145,0.0,0.002851280668142239,0.2236578046973995,0.8714871001525895,0.2120138023917642
8475726,Tyler Toffoli,F,CGY,82,0.45957040243720004,0.09110774829605969,0.0,0.00560730106040434,0.12131023422294546,0.378516894931989,0.18234606743153892
8480008,Adam Ruzicka,F,CGY,44,0.2510509337272887,-0.01201488541091672,0.0,0.007402971096058252,0.13121086044428576,0.32945903989267566,0.11544307851020348
8480011,Klim Kostin,F,EDM,57,0.2211752513198278,0.10898819050609747,0.0,0.005555658442692274,0.17798584794028913,0.9873605060389941,0.3258720141462013
8475745,Charlie Coyle,F,BOS,82,0.32598154383020655,0.18092441508944437,0.010989010989010988,0.004149214452338113,0.4196506119907456,0.4101687089788109,0.1994929103156978
8475744,Evgeny Kuznetsov,F,WSH,81,0.3573177604416756,-0.1330406321402593,0.0,0.0039365457155830196,0.2275710181874478,0.3024855744614134,0.3372657587259657
8475750,Jon Merrill,D,MIN,73,0.11428571428571428,-0.01322038338704307,0.0,0.0,0.678709081224407,0.3685280414293145,0.2609737048764068
8475752,Tyler Pitlick,F,STL,61,0.17382169376847273,-0.008485313672377133,0.0,0.006947739207147033,0.27355623454187594,0.7645732676711215,0.1401619652936803
8475753,Justin Faulk,D,STL,82,0.3462173596656835,-0.01854932147209228,0.0,0.0,0.7478450205842307,0.5441156200708078,0.22898231820795395
8475754,Brock Nelson,F,NYI,82,0.5126858556026131,0.06676374511490096,0.0,0.003882407746922969,0.29387740946563884,0.31746365465295423,0.17147081818246548
8475760,Nick Bjugstad,F,"ARI,EDM",78,0.2321582085331372,0.07840728925602701,0.011524061197371045,0.004085043740809623,0.3116538509503292,0.815410298727908,0.22448546014513618
8477810,Joel Hanley,D,DAL,26,0.06073820627300793,0.10771085218798965,0.0,0.0,0.5501004020112675,0.5048310307315453,0.2501840783867701
8475762,Derek Forbort,D,BOS,54,0.15240294919944808,0.09122902286790896,0.03115359955392207,0.0,0.6290942858433921,0.7555142057382968,0.2080656753626349
8475764,Cam Fowler,D,ANA,82,0.32883752522411125,-0.1100727332738114,0.0,0.0,0.596362843686155,0.1521854923632001,0.10409106201845407
8475765,Vladimir Tarasenko,F,"STL,NYR",69,0.38830062279496463,-0.08726382286029331,0.012945618740414378,0.0,0.31192811677575366,0.5082168323913359,0.07901310186897242
8475763,Kevin Hayes,F,PHI,81,0.3701167136011078,-0.11686170974941905,0.0,0.003982631065245877,0.17851720083619707,0.3617303584196171,0.15118283116079673
8475766,Austin Watson,F,OTT,75,0.10554264047024646,-0.05276190345876729,0.033445957594731526,0.004856692732181817,0.42376043750985004,0.8659499046835881,0.3945591080265476
8475768,Jaden Schwartz,F,SEA,71,0.32275263829452105,-0.11366517702507527,0.0,0.004283349280601603,0.2104162218554657,0.3998306312526643,0.17976656937837093
8471675,Sidney Crosby,F,PIT,82,0.5454409904087316,0.04046755424845233,0.0,0.004216647630686324,0.33397715734812444,0.4141730072676691,0.1925925925925926
8471677,Jack Johnson,D,"CHI,COL",83,0.07442213715651866,-0.0802180286783898,0.0,0.0,0.6568879977015402,0.6233365365489403,0.1805804620618715
8471685,Anze Kopitar,F,LAK,82,0.44687539782531915,0.1111111111111111,0.0,0.004353471515068955,0.4931729947795702,0.41261894014977746,0.037279275949147254
8471686,Marc Staal,D,FLA,82,0.13192410831886334,0.05612726720035839,0.0,0.0,0.6551020964966893,0.7906197065616105,0.18894607652218734
8475784,Jeff Skinner,F,BUF,79,0.5096644488688659,0.07749184455026854,0.0,0.004033158451912775,0.12824481567961848,0.17480490664969628,0.16356985897320675
8475786,Zach Hyman,F,EDM,79,0.5307510491903938,0.06381694295827185,0.0,0.004968248667586298,0.15942992042126103,0.5021616750571936,0.21637542095453594
8475790,Erik Gudbranson,D,CBJ,70,0.13041518435654353,-0.1499791721304509,0.0,0.0,0.7357924771685627,0.7384254158895033,0.3146042016072672
8475791,Taylor Hall,F,BOS,61,0.3363120060063256,0.08673852301766075,0.0,0.005808713418625516,0.31552078453134413,0.33980582524271846,0.20998909299713292
8477839,Conor Sheary,F,WSH,82,0.2806223991670326,0.04989695062472755,0.02113067926853336,0.004401249714772068,0.27659574468085096,0.3672234396033098,0.15954427836154822
8475793,Ryan Johansen,F,NSH,55,0.2976695135830699,-0.11373989445911782,0.0,0.006816992240720515,0.2146259466906218,0.4531107955475681,0.2590519075245435
8471698,T.J. Oshie,F,WSH,58,0.3337396483837917,-0.1576481866656441,0.0,0.005166783771666647,0.3277475305503295,0.9124087591240875,0.2720945453947607
8475794,Tyler Seguin,F,DAL,76,0.36809878855632144,0.017538463032495472,0.01181191825331619,0.004643685953660847,0.19995543149540526,0.5617259770497849,0.1696319004035548
8471699,Andrew Cogliano,F,COL,79,0.16849366112270203,0.041655544009836704,0.0,0.004090843852860849,0.397135686417119,0.37098703633233726,0.210047877535531
8477845,Trevor van Riemsdyk,D,WSH,75,0.20232558443510992,0.057725250986192536,0.0,0.0,0.8222728748083271,0.1800391060977655,0.11439478302055081
8475798,Mikael Granlund,F,"NSH,PIT",79,0.3036635429705477,-0.08838694335874583,0.0,0.0038722218126207133,0.41853153962411604,0.47624259661954904,0.15204997330505718
8475799,Nino Niederreiter,F,"NSH,WPG",78,0.3176364841968259,-0.07758413241764822,0.0,0.00608144746379885,0.25942650089576413,0.782884046281119,0.1492271864885595
8475797,Jarred Tinordi,D,CHI,44,0.12206163462751078,-0.17193846925180326,0.0,0.0,0.7038478739503922,1.1403635846036966,0.3182627654277749
8477846,Ryan Carpenter,F,NYR,22,0.101523411461798,-0.11653777017373697,0.0,0.015764775536493855,0.31568163521844383,0.7838833001182316,0.24728549204265454
8471709,Marc-Edouard Vlasic,D,SJS,78,0.1533943208499524,-0.08429121154566437,0.0,0.0,0.694727652109358,0.306122448979592,0.09406955235906989
8475810,Bryan Rust,F,PIT,81,0.30775618290082285,-0.02108883512682588,0.0,0.005028203752243548,0.3208559971134845,0.554129220249813,0.19624286623730247
8471724,Kris Letang,D,PIT,64,0.342099970427139,-0.08052413001946912,0.01390100323997179,0.0,0.8027306616510317,0.8620720455380934,0.23629432845709655
8475825,Jani Hakanpää,D,DAL,82,0.13422576636561329,0.09330128061579478,0.0,0.0,0.7160127625320512,0.8926091682328888,0.2797215099727572
8475842,Sam Carrick,F,ANA,52,0.09659237355220525,-0.1493874347736911,0.0,0.006462636728213427,0.2773753491545375,0.7777777777777778,0.40645225585266864
8479941,Justin Danforth,F,CBJ,6,0.3333333333333333,-0.22140491932439285,0.0,0.03646747208603815,0.12141716201613581,0.6914874010882304,0.3431457505076198
8475848,Brendan Gallagher,F,MTL,37,0.2320808410771675,-0.0630638308321235,0.0,0.007313212461921461,0.22242141071083188,0.29630271412004344,0.3136940698164867
8479944,Zach Aston-Reese,F,TOR,77,0.12556461854853562,-0.042859572691194836,0.0,0.004996475286967281,0.30019132523762404,0.813135906060649,0.17460347916240818
8477903,Garnet Hathaway,F,"WSH,BOS",84,0.17567527303288177,0.03217352442062135,0.0,0.0023721664392228675,0.48692322984031455,1.0421572575969231,0.26122351472262095
8475855,Jesper Fast,F,CAR,80,0.23338050740212057,0.053400379723544215,0.0,0.0037892815522033076,0.28436759481746465,0.6792827432587318,0.12500000000000003
8477919,Freddy Gaudreau,F,MIN,82,0.2880535056472117,0.05813953488372093,0.03852917783017195,0.003935522624757887,0.3485922379117059,0.27768015121661205,0.08247910158044529
8479968,Vinni Lettieri,F,BOS,1,0.0,-1.0,0.0,0.0,0.0,3.0,0.0
8479976,Juuso Välimäki,D,ARI,78,0.247518827018284,-0.05449344990665576,0.0,0.0,0.5360356488990353,0.3861937543458579,0.262428639588437
8479977,Kailer Yamamoto,F,EDM,58,0.26182580872916505,0.10457968029629748,0.015255568661847367,0.006161979180091407,0.27109860153012333,0.5602884415048087,0.21879565549316737
8477930,Pierre-Edouard Bellemare,F,TBL,73,0.12880407976742306,-0.06749207723406879,0.0,0.004581049446884617,0.3528382565349806,0.46452932015616555,0.14896065655130938
8477931,Tomas Nosek,F,BOS,66,0.1845028517350768,0.07854080096379533,0.02586863363340361,0.005737718918363542,0.26639479264793,0.5249968851234298,0.21823335777520234
8479980,Nicolas Hague,D,VGK,81,0.14610416795169173,0.04068078702916242,0.0,0.0,0.7463920592603644,0.6372001074058762,0.1883089640701783
8477933,Sam Reinhart,F,FLA,82,0.43662634856319016,-0.06147852609983214,0.0,0.004155946467695764,0.3560664924123026,0.35261281917371207,0.0962245395719382
8479982,Conor Timmins,D,"ARI,TOR",27,0.2900935640557033,-0.01682523058963997,0.0,0.0,0.3503846381456158,0.4411233593925712,0.15635354774128857
8479983,Mario Ferraro,D,SJS,72,0.10455136439129047,-0.1937018605557114,0.0,0.0,0.8650568793757452,0.6919361508047962,0.18350341907227394
8477934,Leon Draisaitl,F,EDM,80,0.7453180653611253,0.03595684591212563,0.011250087894745202,0.004426898511029448,0.2870890569893708,0.39206309536641926,0.168442332622565
8477935,Sam Bennett,F,FLA,63,0.33483345178118223,0.033961418811171616,0.0,0.005034151678346282,0.3211649862209321,0.9272282477689467,0.3861625353263492
8477932,Aaron Ekblad,D,FLA,71,0.30306051588341504,-0.07539765416411325,0.012599758546501558,0.0,0.5503936232877901,0.4966216648298636,0.34553990033134707
8477938,Haydn Fleury,D,TBL,29,0.029161743392215028,-0.19642929916325086,0.0,0.0,0.5591000843078233,0.5087621723912601,0.15053763440860218
8477939,William Nylander,F,TOR,82,0.5200802210173057,0.04940727682236142,0.0,0.0038281607915739463,0.20319405236775584,0.14455441445954137,0.17721518987341775
8477940,Nikolaj Ehlers,F,WPG,45,0.4460119941066618,-0.01978450428103592,0.0,0.009680154651565053,0.15156986142963386,0.4040820577345752,0.11647998126387614
8479981,Jonah Gadjovich,F,SJS,35,0.14285714285714288,-0.04656369410202516,0.0,0.00611561127565445,0.10582581993527493,1.01599330668343,0.46727915848920376
8477942,Kevin Fiala,F,LAK,69,0.494762030389214,0.012218294654043529,0.0,0.005554453949530161,0.17382184144823218,0.42225865730676715,0.3827102856799255
8479987,Morgan Geekie,F,SEA,69,0.254011899649479,0.1006677202407495,0.0,0.004666632891442292,0.28235333540974933,0.4070517491654548,0.1735040265322973
8479992,Michael Rasmussen,F,DET,56,0.277546192358629,0.016163604528242972,0.0,0.005934339708633069,0.40644658566933967,0.8194845736124587,0.3057057430630269
8477946,Dylan Larkin,F,DET,80,0.5156483239688592,-0.03690310897087869,0.0112500878947452,0.004362253750438338,0.22521143346648512,0.329000373864544,0.20077153999511713
8479994,Jaret Anderson-Dolan,F,LAK,46,0.17062165258903247,-0.11806387397351573,0.0,0.00898333456528138,0.35217440624855056,0.613367929330412,0.033660735676654195
8477948,Travis Sanheim,D,PHI,81,0.18599166117817525,-0.02818733250306324,0.011117995384971583,0.0,0.7230298786371031,0.3915450712296819,0.24448756079901635
8479996,Cody Glass,F,NSH,72,0.29943001005918557,0.06537932077610446,0.0,0.0045942948385450525,0.2588967075653283,0.42964581059668633,0.15713252025995292
8477949,Alex Tuch,F,BUF,74,0.5190155048389714,0.07476205863628811,0.012114750371031364,0.003954439832844613,0.37180967622612726,0.3744806289171593,0.1536774923367229
8479998,Mikey Anderson,D,LAK,77,0.1709036644678576,0.11750970212156735,0.0,0.0,0.6850719381439505,0.8830654198212027,0.20568365516304066
8479999,Casey Mittelstadt,F,BUF,82,0.38998144591184525,-0.04121815089536496,0.010989010989010988,0.003766047688635944,0.13974268562161227,0.22125355118460244,0.12194627352198904
8477951,Nick Schmaltz,F,ARI,63,0.46864206792964486,0.026073889577517852,0.0,0.004363727723570922,0.27580033162234985,0.13308763077284214,0.17509302751728192
8477953,Kasperi Kapanen,F,"PIT,STL",66,0.29210020325101066,-0.05750017092845876,0.013502153868958625,0.004369142388529036,0.18912670152230857,0.5928846792922204,0.15411790138377188
8480002,Nico Hischier,F,NJD,81,0.5328960791860091,0.16768160242261917,0.03115359955392207,0.004305549337222677,0.3915450712296819,0.2494843381718704,0.08334223888269025
8477956,David Pastrnak,F,BOS,82,0.6822676145412191,0.1960658136710731,0.0,0.004074821643594041,0.24243272599183274,0.519298919629405,0.23734795377479379
8480003,Jesper Boqvist,F,NJD,70,0.19114843854552116,0.05862824953149423,0.0,0.0035067723804679016,0.18265368074094016,0.37981181683228354,0.02309115582792554
8480001,Urho Vaakanainen,D,ANA,23,0.06784090062255499,-0.3343111531347607,0.0,0.0,0.5045394711939801,0.4157256722793171,0.0
8477950,Anthony DeAngelo,D,PHI,70,0.3439373676311245,-0.14800018710869062,0.0,0.0,0.5322892031676931,0.3898871722929742,0.283363867956714
8477952,Robby Fabbri,F,DET,28,0.3217661034666445,-0.017705990066529058,0.0,0.010342134606043439,0.2811229078497944,0.7129261276946257,0.2388871815850366
8482055,Drew O'Connor,F,PIT,46,0.16214543847086205,-0.03640752422350471,0.0,0.007259091429716063,0.19202480365081617,0.5810416826633518,0.15587681553986843
8477960,Adrian Kempe,F,LAK,82,0.4107320915266114,0.1242826994612273,0.03080246447432989,0.003309112958720167,0.25806451612903225,0.6051309624767353,0.26504624690891926
8475913,Mark Stone,F,VGK,43,0.4730115222040008,0.11231787388545453,0.03842061670839002,0.0,0.32233248189200003,0.3700713323013394,0.13118798051446579
8471817,Ryan Reaves,F,"NYR,MIN",73,0.13740506351635073,-0.04428109641040488,0.0,0.003109133265146043,0.21206168170206408,0.9625336415102547,0.2199132708835431
8477964,Ivan Barbashev,F,"STL,VGK",82,0.31937948446301073,0.005193981206343033,0.0,0.0033918849655120266,0.3266540516994778,0.8320078225403108,0.23820514603008108
8480012,Elias Pettersson,F,VAN,80,0.602052803065243,0.07715548310215842,0.04848246631505477,0.003809865106142243,0.5280704217106038,0.4691169922170342,0.11181160351110886
8480014,Gabriel Vilardi,F,LAK,63,0.36992578116083924,0.0760635754449897,0.0,0.0049296564040301446,0.31493007672459383,0.35037190379124755,0.16003233719039134
8480009,Eeli Tolvanen,F,"NSH,SEA",61,0.30924903899054923,0.06094267453109915,0.0,0.0033568531031970567,0.41913392100704133,0.6751569909655282,0.1401619652936803
8480015,Owen Tippett,F,PHI,77,0.3526817662820849,-0.09229061415117847,0.0,0.005915217926118766,0.44214630464316,0.7626497173137496,0.1290433302966604
8477969,Marcus Pettersson,D,PIT,68,0.21884764560665382,0.02504088557957565,0.0,0.0,0.8553548921374311,0.70416580976158,0.31389819215775394
8480018,Nick Suzuki,F,MTL,82,0.42597593475358725,-0.06726969070791801,0.0308024644743299,0.003886258493910562,0.37737687448863794,0.34312820404849914,0.14697781396769477
8482062,Cole Smith,F,NSH,69,0.16836895149854061,-0.02318416312084636,0.0,0.0,0.2246012150571158,0.9991204669378491,0.3361022144258474
8477971,Andreas Englund,D,"COL,CHI",47,0.06653926941854883,-0.01174293750773197,0.0,0.0,0.41755642692214723,0.9020677521737608,0.269018975687533
8480023,Robert Thomas,F,STL,73,0.4847486970455048,-0.04529140087119264,0.012272154960198102,0.004694905180622264,0.25349543303455097,0.13067890804541296,0.17567639083673486
8482073,Braden Schneider,D,NYR,81,0.15384615384615383,0.05882352941176469,0.0,0.0,0.724936754236604,0.6991877590033057,0.10664091475099434
8480027,Jason Robertson,F,DAL,82,0.6382667383796532,0.19471312228802762,0.0,0.0,0.1569583152123231,0.3672234396033098,0.14742127232052576
8480028,Morgan Frost,F,PHI,81,0.30775618290082285,-0.06804978169596307,0.0,0.0038358445690673255,0.3659120256351622,0.5171365044384405,0.17322269045427416
8482077,Dylan Holloway,F,EDM,51,0.1234417158407073,0.0,0.0,0.005053257866207989,0.19893599595043854,0.6821829649085575,0.22406973450899847
8482078,Lucas Raymond,F,DET,74,0.3343108078700407,-0.10767205953026748,0.0,0.0032188467719224205,0.1689729417010396,0.3463002314724298,0.15889258106258564
8482079,Marco Rossi,F,MIN,19,0.04302437117457934,-0.2037116762387159,0.0,0.01646348628313708,0.2968953798675414,0.2015429482219835,0.20619093502537572
8477979,Nicolas Aube-Kubel,F,"TOR,WSH",53,0.14731066168174842,0.009718182446712865,0.0,0.006162531915091178,0.12345721563232835,0.9027577721582872,0.28224169477708644
8480025,MacKenzie Entwistle,F,CHI,66,0.10833544520760968,-0.08945642104451033,0.0,0.004741457813909201,0.26041405336113416,0.8986142004347691,0.13127690823918484
8477986,Brandon Montour,D,FLA,80,0.47413001015459083,0.04530468260530358,0.0,0.0,0.5263140953567259,0.545559951007558,0.3590963346748962
8480035,Henri Jokiharju,D,BUF,60,0.1493617456606866,-0.0802503183217325,0.0,0.0,0.4962106165602448,0.4796300221442064,0.2679491924311227
8480036,Miro Heiskanen,D,DAL,79,0.4871474541325483,0.06051244100921388,0.0,0.0,0.6108172335014006,0.3541401812246806,0.21084032695395524
8477989,Christian Dvorak,F,MTL,64,0.256697723355872,-0.093841731986064,0.01390100323997179,0.005319058252361006,0.5041904539234762,0.1378359565087104,0.06589387898287034
8477987,Ryan Donato,F,SEA,71,0.23567192835419468,0.11723087011995535,0.0,0.004108041917490523,0.11981457559276588,0.4912604711744086,0.23198687816533237
8480039,Martin Necas,F,CAR,82,0.4571774434175556,0.02793617913365849,0.0,0.00367533765051864,0.1692088189456783,0.3620761218605395,0.21072456769992318
8482087,Kaiden Guhle,D,MTL,44,0.24781222376527895,-0.19676019549251295,0.0,0.0,0.792429395872055,0.7403815093512027,0.2825287594885251
8482089,Jake Neighbours,F,STL,43,0.15773846437982456,-0.22409580777189514,0.0,0.006690734559594471,0.2777079362132435,0.6054353675696565,0.2427310638578974
8480043,Timothy Liljegren,D,TOR,67,0.17504117840309483,0.1652255440154922,0.013311318470577446,0.0,0.6469730148595007,0.6672061233869134,0.22771149242883015
8482092,Ridly Greig,F,OTT,20,0.3005020952172897,0.0260335632865251,0.0,0.013196256030329014,0.10155930083330623,0.7015751815206076,0.31306822878312
8482093,Seth Jarvis,F,CAR,82,0.2793828313480536,0.05484277499069213,0.01098901098901099,0.0033849549152884257,0.3413517728611478,0.4323057735235787,0.0962245395719382
8477998,Warren Foegele,F,EDM,67,0.2650202694340865,0.05598456057153126,0.013311318470577446,0.006258621041118999,0.21091076633134784,0.6927998999554964,0.21445915102022547
8482095,Tyler Kleven,D,OTT,8,0.17445763018700947,-0.060878539025194085,0.0,0.0,0.4261497731763586,0.583801512904337,0.15047207654837882
8480049,Dylan Samberg,D,WPG,63,0.0952651131461535,0.07660335856784362,0.0,0.0,0.6612013298854874,0.6295506996592841,0.19835024948972602
8482097,Jack Quinn,F,BUF,75,0.29353664965921417,-0.04304704592231412,0.0,0.003316860197111882,0.15923961960281532,0.330746103582258,0.11439478302055081
8482105,Jake Sanderson,D,OTT,77,0.2516125273650894,-0.03281227513650682,0.0,0.0,0.7757301420930688,0.3078954398276919,0.10145457548563147
8478010,Brayden Point,F,TBL,82,0.5776193455492196,0.00964045179691605,0.0,0.004010122575692417,0.2806223991670326,0.2576246414606845,0.05373879446271165
8480058,Pierre-Olivier Joseph,D,PIT,75,0.18003910609776552,0.05073563292734963,0.0,0.0,0.2856476271456727,0.5405942500090679,0.28314209610793023
8482109,Alexis Lafrenière,F,NYR,81,0.2854179717327576,0.057473040251563766,0.0,0.0033341463129530806,0.21446399277545602,0.7437424107749786,0.1997409262305152
8482110,Dawson Mercer,F,NJD,82,0.36291781010317575,0.12251456420117393,0.010989010989010988,0.003654294632276948,0.42661701618943343,0.26990365050739995,0.10952409228074879
8482111,Justin Barron,D,MTL,39,0.243050248011924,-0.024882950064443996,0.022141325689164545,0.0,0.5319554791956482,0.5848065490778388,0.25850931163193613
8480064,Joshua Norris,F,OTT,8,0.25267448900770917,-0.05097112730453874,0.0,0.050396365789619445,0.4100251257867601,0.5470531545563649,0.3810499613777493
8482113,Anton Lundell,F,FLA,73,0.2654386569621384,0.006016893785361352,0.02355258327055601,0.004323364238893229,0.25193177477523987,0.23979336243879953,0.26875965404208385
8478013,Jake Walman,D,DET,63,0.19680627383751903,0.06795573273330226,0.0,0.0,0.805772220130338,0.4200643232570618,0.2994844127591843
8482116,Tim Stützle,F,OTT,78,0.5497957958938714,-0.016025499917415392,0.03225806451612903,0.0036685083623717103,0.34550824585811296,0.5993808817517288,0.32245529021381714
8480069,Cale Makar,D,COL,60,0.5424215760237671,0.09906591962672114,0.0,0.0,0.6379975140481694,0.5196803856948431,0.24126843158786943
8478020,Michael Amadio,F,VGK,67,0.24123910075205376,0.01534072697243366,0.0,0.005156152577535079,0.22246187889147792,0.43084815560464906,0.11400098007503613
8480068,Ryan Poehling,F,PIT,53,0.17384436999404498,-0.019543543817727795,0.03169596975370367,0.0059399188816154965,0.431578947368421,0.4703892360987075,0.09876543209876547
8482122,Brock Faber,D,MIN,2,0.0,1.0,0.0,0.0,1.8,0.0,0.0
8482124,Quinton Byfield,F,LAK,53,0.2653805111958505,0.12105692165189046,0.0,0.005972161397500992,0.1923858345824395,0.5232460143779395,0.27540995138917734
8482125,Alexander Holtz,F,NJD,19,0.1384107233975412,-0.155662938769161,0.0,0.0,0.1384107233975412,0.2015429482219835,0.20619093502537567
8480078,Filip Chytil,F,NYR,74,0.3549648961900494,0.09275878621780563,0.0,0.003773050895668594,0.29835124134429114,0.27138778241621514,0.21695011785819665
8480073,Erik Brannstrom,D,OTT,74,0.1666666666666666,0.032450420395334585,0.0,0.0,0.60438577969974,0.3728517966446553,0.26558630972454167
8478028,Fredrik Olofsson,F,DAL,28,0.10582581993527493,0.0,0.0,0.010466897276976776,0.17980589839889624,0.5461299119066755,0.05209377264670632
8478038,Devon Toews,D,COL,80,0.35756912754244036,0.1912407493646012,0.0,0.0,0.7902144183921602,0.5447361366501184,0.18028215587335597
8478042,Viktor Arvidsson,F,LAK,77,0.3953110283604054,-0.02290531443760354,0.011666188640512328,0.0036274208504570725,0.3259929737321594,0.2070013876371881,0.1806454096825139
8478043,Sam Lafferty,F,"CHI,TOR",70,0.23221623322363114,-0.0793523956591544,0.04439523910832582,0.004799571229167133,0.29861751438020256,0.7338933587721423,0.23608426927681248
8478046,Danton Heinen,F,PIT,65,0.20962369279601373,-0.039132994633318194,0.0,0.005408621081114077,0.24576491260160124,0.4874715156813605,0.11692513160076803
8478047,Michael Bunting,F,TOR,82,0.33305474409491426,0.11707615566172357,0.0,0.005493667668611646,0.14455441445954134,0.520058243361581,0.39999668082112816
8482142,Jamie Drysdale,D,ANA,8,0.0,-0.18823820041868466,0.0,0.0,0.45141622964513645,0.4261497731763586,0.15047207654837882
8482146,Luke Evangelista,F,NSH,24,0.30738212895172645,0.13216150954921427,0.0,0.0,0.16442862861718863,0.2398225360656027,0.15047207654837882
8482149,Cole Perfetti,F,WPG,51,0.33697904717758204,0.09662058023398382,0.0,0.0043079633281299014,0.25918288284357444,0.37065237406630425,0.18162319697002036
8478055,Gustav Forsling,D,FLA,82,0.3068319394286745,0.09327797901930385,0.0,0.0,0.5662255155852034,0.4665747674494164,0.26242023930530534
8478057,Dakota Joshua,F,VAN,79,0.1872692650290429,-0.10708568082137769,0.011385403072151898,0.004816373036766327,0.23120619240001578,0.9839170209663606,0.2760007023594589
8482157,Will Cuylle,F,NYR,4,0.0,-0.3333333333333333,0.0,0.0,0.0,0.7748517734455861,0.7142857142857143
8482159,Tyson Foerster,F,PHI,8,0.4914005604484485,0.1136902176161028,0.0,0.0,0.5981649059011226,0.6,0.36602540378443865
8480113,Alex Iafallo,F,LAK,59,0.36662925869248814,0.11591919953106875,0.0,0.00680361034872788,0.3252834852482345,0.27797409861537675,0.19366354710904254
8478078,Rourke Chartier,F,OTT,6,0.0,0.0,0.0,0.060524214896912544,0.3333333333333333,0.7416573867739413,0.0
8482175,JJ Peterka,F,BUF,77,0.26155942209124894,-0.09413070034560049,0.0,0.005850363043832271,0.09719650463759351,0.16089933208787244,0.1859782767339101
8482176,Wyatt Kaiser,D,CHI,9,0.22654091966098638,-0.19691136161572426,0.0,0.0,0.5572809000084121,0.3297193019803516,0.24266963623233875
8473986,Alex Killorn,F,TBL,82,0.42386140146178874,0.10025063372100168,0.01098901098901099,0.005493667668611646,0.23975819808161397,0.39847285133351906,0.2504765107008859
8473994,Jamie Benn,F,DAL,82,0.49474454035414583,0.13042607106351017,0.02113067926853336,0.004533791832584525,0.2845666159139088,0.5278920387986353,0.20140970484317225
8480144,David Kampf,F,TOR,82,0.2240000307555115,0.03598527180604528,0.0,0.0041112214984868915,0.21934873556187234,0.41490631504061526,0.06818547338888038
8480145,Neal Pionk,D,WPG,82,0.2452013586971944,-0.061028377270430416,0.0,0.0,0.6764990620925299,0.8683244748938044,0.2588581405850469
8482192,Isaak Phillips,D,CHI,16,0.21352740081851584,-0.2548556365226937,0.0,0.0,0.23445135195272784,0.6670870715105031,0.14138305592592793
8478099,Kevin Labanc,F,SJS,72,0.2718594951977128,-0.10586406320444253,0.0,0.0070355778508830406,0.24449753227894533,0.4618210400189662,0.2517606507011519
8478104,Samuel Blais,F,"NYR,STL",71,0.21312264747013382,0.031247858727064433,0.0,0.003447615747467765,0.2819794961959983,1.2036733969768083,0.21102717212450198
8474009,Nick Bonino,F,"SJS,PIT",62,0.19692817074066543,-0.03696216526849009,0.0,0.005138750094715223,0.6039903012937341,0.19017537432532414,0.18735006419990805
8478109,Victor Olofsson,F,BUF,75,0.30402404132084454,-0.13541579621886832,0.0,0.0021012667809982076,0.13965998855069084,0.1450978893326755,0.04033636822282155
8474013,Ian Cole,D,TBL,78,0.14817560699999227,0.07325447497232652,0.0,0.0,0.6447565571172661,0.597961478553526,0.3307011618682415
8478115,Pierre Engvall,F,"TOR,NYI",76,0.2524220514878902,0.05053170007221368,0.0,0.004559013440567464,0.060050128955185085,0.3156395081009535,0.14453005044998662
8480172,Jan Rutta,D,PIT,56,0.11373679234449567,0.024172065499862855,0.0,0.0,0.5804743951230115,0.6311731794473149,0.26331728616013034
8482222,Alexander Barabanov,F,SJS,68,0.3900800359882217,-0.18824428230937187,0.0,0.00437369445115388,0.3133735524167374,0.32522729151324803,0.16458690180637944
8474031,Kevin Shattenkirk,D,ANA,75,0.2277652944268782,-0.12100871624822927,0.0,0.0,0.6667905797497572,0.5000953534634842,0.29583007983315474
8474034,Patrick Maroon,F,TBL,80,0.1214535728317775,-0.03510990996702655,0.0,0.0017993209341100724,0.11053213385206716,0.8276697206854418,0.406696715118552
8478133,Jake Evans,F,MTL,54,0.22705098819315891,-0.046181759458714125,0.0,0.006272387590611141,0.403742103531491,0.25801315012289255,0.21508021431128183
8474037,James van Riemsdyk,F,PHI,61,0.27715431739254653,-0.02228484274965953,0.0,0.006323135642957357,0.21812149329654112,0.19374398046334537,0.22400000000000006
8478136,Jake Middleton,D,MIN,79,0.13340862679699114,0.08793780271010267,0.0,0.0,0.850583238210484,0.6821365524008502,0.2769966663649457
8480185,Eetu Luostarinen,F,FLA,82,0.3258316506345811,0.11296637108404729,0.0,0.0035999885516540637,0.3535147258462059,0.3925934391534503,0.17721518987341775
8480184,Gustav Lindström,D,DET,36,0.15036279572731798,-0.2075623334019704,0.0,0.0,0.4725871546057162,0.5316995248957747,0.2760839478607472
8480188,Fabian Zetterlund,F,"NJD,SJS",67,0.22378528646932921,-0.04503595577511888,0.0,0.004808123109603703,0.18971957899371325,0.40467671172662756,0.12964427095274567
8480192,Johnathan Kovacevic,D,MTL,77,0.13645772363371933,0.01669778929192244,0.0,0.0,0.5679147591790026,0.5388402833009786,0.21009783538887464
8482241,Radim Zohorna,F,"CGY,TOR",10,0.07692307692307693,-0.05145626072212693,0.0,0.03583977852496362,0.14285714285714285,0.42674797183000096,0.0
8478146,Matthew Highmore,F,STL,2,0.0,0.3333333333333333,0.0,0.0,0.0,1.0,0.0
8480196,Jacob Bryson,D,BUF,59,0.10564421632674123,-0.1841476241519557,0.0,0.0,0.5510663550389039,0.31532218437576703,0.0902274695935943
8482245,Artem Zub,D,OTT,53,0.12765242769432464,0.015721305121243343,0.0,0.0,0.6116868184172833,0.9153731089663177,0.35015867281289176
8482117,Lukas Reichel,F,CHI,23,0.3596407597315888,-0.15308813887842415,0.0,0.014050943682775718,0.39935868555704873,0.19679613037780122,0.15587681553986849
8480205,Emil Bemstrom,F,CBJ,55,0.2467841164742279,-0.1062616740519211,0.0,0.005698721052743347,0.2360330916293708,0.19035907864159268,0.07501876219843334
8480208,Drake Batherson,F,OTT,82,0.4426392234613431,-0.19678479303074886,0.0,0.0031733840005564334,0.26261730792156346,0.6159155933716961,0.21083775834492247
8482259,Bobby McMann,F,TOR,10,0.07692307692307693,-0.11439478302055078,0.0,0.03833949716171289,0.0,0.8947368421052632,0.125
8480220,Noah Cates,F,PHI,82,0.27514889789036867,0.018243301387555377,0.01098901098901099,0.0034123592310402323,0.42167900841921235,0.4605153225328076,0.09622453957193822
8480222,Sebastian Aho,D,NYI,71,0.21637136248820854,0.055931516446797516,0.0,0.0,0.4545573140389152,0.303060515883415,0.17976656937837096
8478178,Darren Raddysh,D,TBL,17,0.11665073398476976,-0.08404400050421458,0.0,0.0,0.41665652629895356,0.5883031556761721,0.14308991360702195
8474090,Brendan Smith,D,NJD,60,0.06528853541086165,0.025560795756758573,0.0,0.0,0.4910069337912804,0.6997462486942916,0.3784984749322784
8480246,Nick Perbix,D,TBL,69,0.17220878300456322,0.07645619891447919,0.0,0.0,0.43008180935973694,0.5275214630355322,0.1764042435774276
8474102,David Perron,F,DET,82,0.368421052631579,-0.03520917516208359,0.0,0.0019970975727584732,0.18356450545823869,0.5596722206186513,0.28251840249837445
8478233,Andrew Mangiapane,F,CGY,82,0.3049645390070922,0.06474444528446058,0.0,0.0037769985221221903,0.2092767149269171,0.4684919768399498,0.24814517762006003
8480281,Alexey Toropchenko,F,STL,69,0.18630219028208972,0.04665678559302552,0.012945618740414382,0.0030976105605899687,0.3431457505076198,0.7584301360503007,0.1112301230269726
8474141,Patrick Kane,F,"CHI,NYR",73,0.4025001126616346,-0.12927469937621294,0.0,0.0061349693251533735,0.18089856835561594,0.12568857019707552,0.13489926990968043
8480289,Morgan Barron,F,WPG,70,0.19777716356578315,0.03100164335170953,0.012770311765075952,0.00456552521178934,0.35000203965233573,0.6827135949225202,0.2145453285693342
8474149,Evgenii Dadonov,F,"MTL,DAL",73,0.279006237330688,-0.05237329310966087,0.0,0.003029699545172719,0.33214282824810193,0.271841620522833,0.14876033057851243
8474150,Mikael Backlund,F,CGY,82,0.39464434772343304,0.1506058889755179,0.010989010989010988,0.004087529387109519,0.2282993791441751,0.5617660942006306,0.23292915808270154
8474151,Ryan McDonagh,D,NSH,71,0.18042445589144196,0.06542719784780171,0.0,0.0,0.9264557739690747,0.4404311469169448,0.17976656937837093
8474157,Max Pacioretty,F,CAR,5,0.33333333333333337,0.0,0.0,0.0,0.14285714285714288,0.4040820577345752,0.22222222222222224
8474166,Alec Martinez,D,VGK,77,0.12556461854853562,0.15832712862610857,0.011666188640512328,0.0,1.0441718331127854,0.3212815762730613,0.19844318709881806
8474189,Lars Eller,F,"WSH,COL",84,0.18297341823365054,0.017505114273994628,0.010739934952080268,0.004132854173218265,0.2943534534362228,0.5162636306816791,0.2817389927466578
8480336,Sean Walker,D,LAK,70,0.13371553322692448,-0.019476756086325136,0.0,0.0,0.6109749003145025,0.4877454864848681,0.25061293910527394
8480355,Mark Kastelic,F,OTT,65,0.1196858814522646,-0.0518869755399567,0.0,0.005503464564217937,0.3123903550392013,0.9309685508619379,0.31006609656718487
8476278,Colin Blackwell,F,CHI,53,0.1356181532016489,-0.16854788831249085,0.0,0.006789111792146023,0.1995610739195393,0.42740954738122944,0.07742445243685345
8476292,Ondrej Palat,F,NJD,49,0.2756526202014503,0.04353568613079409,0.0,0.0,0.48200822668155674,0.6104696204222716,0.08276469362160695
8482451,Mikael Pyyhtia,F,CBJ,2,0.3333333333333333,-0.5,0.0,0.0,0.5,0.0,0.5
8476312,Josh Manson,D,COL,27,0.23828456342384619,0.2222372982837041,0.0,0.0,0.6479476764425869,0.8700169298586802,0.5174554334438737
8478366,Frank Vatrano,F,ANA,81,0.29391131202217735,-0.15511152035918327,0.0,0.004067048225072691,0.49099976334350376,0.504667671916571,0.2375684791841656
8476331,Dylan DeMelo,D,WPG,75,0.22156300743748086,0.056270442478925244,0.011961389791561408,0.0,0.5829237693798194,0.70317046292919,0.31051415973031743
8482475,Yegor Chinakhov,F,CBJ,30,0.26822824854373517,-0.09934207678533181,0.0,0.009409118231000761,0.31421000950283917,0.4631063464991423,0.16311896062463194
8480434,Sean Durzi,D,LAK,72,0.31677670635962774,-0.0720772259235312,0.0,0.0,0.7565000724574776,0.4828907471625246,0.29547090934738857
8476346,Johnny Gaudreau,F,CBJ,80,0.4631522263049259,-0.15996333959871967,0.0,0.0,0.15554633887944902,0.05031957117756259,0.15099906041372257
8478396,Noah Hanifin,D,CGY,81,0.2844060483599215,0.01034168029840782,0.0,0.0,0.7002196613875422,0.4459853844844116,0.19320868285093923
8478397,Rasmus Andersson,D,CGY,79,0.33867601077326764,0.025362174392031454,0.011385403072151898,0.0,0.735660666687791,0.3730078514778645,0.18897645936233948
8478398,Kyle Connor,F,WPG,82,0.5037419923605745,-0.049516905847158996,0.0,0.003014939692062019,0.19437466327743189,0.3020217856845548,0.14137845050643652
8478399,Jonas Siegenthaler,D,NJD,80,0.17025080608911386,0.14247763625603968,0.0,0.0,0.8159222834505111,0.593749195198774,0.2751720901800319
8480448,Parker Kelly,F,OTT,55,0.057734339798531424,-0.09732887605582141,0.0,0.006638016916180203,0.2659937312419293,1.155601081991951,0.278571862697087
8478401,Pavel Zacha,F,BOS,82,0.38799891667868747,0.14629031651846655,0.0,0.0036622623575000954,0.17828178080777551,0.3965036463368554,0.12245325898113585
8478402,Connor McDavid,F,EDM,82,0.8572237331897552,0.10845612129995683,0.04013504570639072,0.004087376059325703,0.27575646169231754,0.45249667235691615,0.21551573635350202
8478403,Jack Eichel,F,VGK,67,0.5082203307030693,0.15611022982234313,0.0,0.0045971915221237735,0.44597988289558443,0.4249279753609356,0.06334940136344738
8482496,Nils Aman,F,VAN,68,0.1580613843105804,-0.09887394421280181,0.0,0.003964050334744477,0.321256641285996,0.36713805483493456,0.15777450369207605
8478407,Vince Dunn,D,SEA,81,0.4435906308148488,0.12470660491730541,0.0,0.0,0.4878945017377488,0.5993945414142674,0.3064955505158562
8480459,Pius Suter,F,DET,79,0.1977658439266306,-0.019501648663905642,0.02187952237687174,0.0039625504584124265,0.277044137472004,0.2985455719232472,0.054945388169169065
8478413,Jordan Greenway,F,"MIN,BUF",62,0.1247554443739624,-0.04773773525554615,0.0,0.0019538847412744332,0.35186976713936563,0.7142813696764195,0.20712259439548683
8478414,Timo Meier,F,"SJS,NJD",78,0.45051755715550346,-0.0972910892300102,0.0,0.003443520852190901,0.28020479630192674,0.7812096519217133,0.260424762831107
8478416,Erik Cernak,D,TBL,70,0.16097571094787652,0.047834883668385855,0.012770311765075952,0.0,0.6112661050357701,1.0630414771224301,0.2923816238126624
8478420,Mikko Rantanen,F,COL,82,0.584112442032176,0.07159804019072866,0.0,0.003933826676341076,0.28521839542180666,0.4322682763323793,0.33819755805290386
8478421,A.J. Greer,F,BOS,61,0.13059534330483122,0.0761299730802711,0.0,0.009266334658917439,0.24299970535404364,0.703483798111262,0.3611743910079152
8476374,Sean Kuraly,F,CBJ,71,0.18042445589144196,-0.18287543608311718,0.012599758546501558,0.0046386110307810305,0.3488100741862966,0.8733610663196351,0.2712287567838555
8476372,Nick Seeler,D,PHI,77,0.13121086044428573,0.006086276634889894,0.0,0.0,0.8076831072283229,0.6729471138931118,0.29397855124180355
8478424,Jansen Harkins,F,WPG,22,0.1601560844950766,0.09640043501469509,0.0,0.007778180035310375,0.31568163521844383,0.3904947147083515,0.24425333011909867
8480468,James Hamblin,F,EDM,10,0.0,-0.16844233262256506,0.0,0.040297668733287974,0.07692307692307693,0.14285714285714285,0.125
8482516,Matthew Kessel,D,STL,2,0.0,-0.3333333333333333,0.0,0.0,0.3333333333333333,0.0,0.0
8478427,Sebastian Aho,F,CAR,75,0.4435154567541145,0.04309962725421106,0.033445957594731526,0.004512345570539947,0.177357272013673,0.38150852491044646,0.2863651499296972
8478432,Christian Fischer,F,ARI,80,0.21220832494821046,-0.043166052552994855,0.0112500878947452,0.0018448815143290497,0.290804000854955,0.6627775411196384,0.14424653246986
8478434,Keegan Kolesar,F,VGK,74,0.16056358851956376,0.043091676780981816,0.0,0.0034920927298696045,0.26299085326787414,1.246854115927402,0.2948484614662293
8476389,Vincent Trocheck,F,NYR,82,0.41431809878374987,0.016233270638643285,0.0,0.004387832003906203,0.29821637107141147,0.788532136585404,0.3253862869289006
8478438,Thomas Novak,F,NSH,51,0.42209670615172673,0.04505857991085326,0.0,0.005925434695163903,0.27068193741029767,0.12344171584070732,0.1020113860395709
8478439,Travis Konecny,F,PHI,60,0.5194277830267494,-0.0869081018450603,0.04105275867837094,0.005145894500565422,0.33442358145804935,0.4430186733850822,0.3399164192800361
8476392,Adam Lowry,F,WPG,82,0.26675991569851615,0.02344197605880336,0.030802464474329896,0.004049465798155119,0.29340537664792865,0.71783691972604,0.23670880880004463
8478440,Dylan Strome,F,WSH,81,0.4332287161759144,-0.021700831907378787,0.0,0.0039814795460791095,0.3114952404367446,0.1635272796863985,0.16674942661860126
8476393,Nick Cousins,F,FLA,79,0.22780552817910815,-0.006498292405377221,0.0,0.004271381557659484,0.2726688258871243,0.5139158162458483,0.234211348355075
8478443,Brandon Carlo,D,BOS,75,0.1450978893326755,0.27664673005095364,0.0,0.0,0.7368554321964266,0.6941837739096458,0.23343842614027924
8478444,Brock Boeser,F,VAN,74,0.4006262317435196,-0.11871766490113894,0.0,0.0037395812496830577,0.251688434119509,0.3504367268563968,0.18669382283574318
8478445,Mathew Barzal,F,NYI,58,0.46958591595078575,0.039838873960396835,0.0,0.004271650980079971,0.32384233829756104,0.27100539047138955,0.2126111912967729
8476399,Blake Coleman,F,CGY,82,0.27514889789036867,0.053907410310967165,0.02113067926853336,0.004014153610135281,0.27392673585343336,0.6085251709117487,0.29772067369406485
8478449,Roope Hintz,F,DAL,73,0.5155677974281606,0.18884107461235294,0.03428909352635899,0.004574906763043726,0.3296370567752316,0.34802345719550287,0.2125003437780948
8478450,Parker Wotherspoon,D,NYI,12,0.06528853541086166,0.223772914488027,0.0,0.0,0.3907104726449788,0.38196601125010515,0.19098300562505258
8478454,Noah Juulsen,D,VAN,12,0.0,0.04475458289760539,0.0,0.0,0.5933259094191531,1.3754999657405445,0.2679491924311227
8478458,Jack Roslovic,F,CBJ,77,0.30987594226870496,-0.08556116720738542,0.022409604182759685,0.004017523781416943,0.3567386430761184,0.30328916099496567,0.08699636462013685
8478460,Zach Werenski,D,CBJ,13,0.37871546371759535,-0.17759565834585236,0.0,0.0,0.7351391009461936,0.25873816587842025,0.0
8478462,Nicolas Roy,F,VGK,65,0.28240329200582254,0.07380170373232575,0.0,0.0050235194557083215,0.34405668436255776,0.5994620556556021,0.1922052472368276
8478463,Anthony Beauvillier,F,"NYI,VAN",82,0.28090148917859564,-0.05509069948741454,0.0,0.0024799235971392107,0.22938367630799816,0.4674778821556402,0.16509378371326933
8478466,Daniel Sprong,F,SEA,66,0.38781980819538636,0.09619313759823873,0.0,0.005331519239437501,0.16822173429466727,0.27739892111784165,0.13127690823918484
8476419,Jean-Gabriel Pageau,F,NYI,70,0.33445267097460685,-0.013313391250685308,0.03563899965178261,0.0051764535130824855,0.4642589773000159,0.9185401442170816,0.12500000000000003
8478468,Jeremy Lauzon,D,NSH,67,0.126079548772252,-0.07716519915591512,0.0,0.0,0.5554950506539069,1.2068554036962804,0.3287736283733605
8478469,Thomas Chabot,D,OTT,68,0.33367900396509137,-0.06519201593788816,0.0,0.0,0.7186052054519183,0.5624225527584875,0.3347036472443628
8476422,Mike Reilly,D,BOS,10,0.07692307692307693,0.0,0.0,0.0,0.5,0.8586557632185337,0.125
8478472,Mathieu Joseph,F,OTT,56,0.19721621818829688,0.044145217093763324,0.0301239730215236,0.00541315796556112,0.2847495629784698,0.6513959249373652,0.25079370195814
8478474,Lawson Crouse,F,ARI,77,0.3255273241711449,-0.01826392421393577,0.0,0.003644894244438863,0.4060251030183278,0.9024472587871476,0.2272056851644531
8476429,Scott Mayfield,D,NYI,82,0.1943746632774319,0.04507075489317722,0.0,0.0,0.8231326899045248,0.5470342724500196,0.30891897236804633
8476432,Boone Jenner,F,CBJ,68,0.3803597606025093,-0.18469184106828318,0.0,0.005204040424782628,0.5267121187266346,0.7426898954428297,0.26242023873992193
8478483,Mitchell Marner,F,TOR,80,0.6473487567076118,0.0957164031331642,0.04105275867837094,0.0,0.297266596587183,0.3448380890472101,0.19198028347224574
8476438,Brandon Saad,F,STL,71,0.3014271447843968,-0.05083145368682975,0.024169961197442087,0.005698611663836244,0.2655510404789319,0.202392432004483,0.10245004993333391
8476441,Joel Edmundson,D,MTL,61,0.14720369499918007,-0.2101350401759624,0.0,0.0,0.8648088562599752,0.7294940087658641,0.24139434873211418
8476442,Matt Nieto,F,"SJS,COL",81,0.19980816013731234,-0.0846561719692775,0.0,0.004636607130878802,0.24353414435480444,0.2997226016850231,0.12371243968992833
8478493,Joel Eriksson Ek,F,MIN,78,0.43968039585357316,0.023227114192709192,0.022141325689164545,0.004210249312458414,0.37830082336816706,0.6726235910871949,0.2885023725663539
8476448,William Karlsson,F,VGK,82,0.3753460253151523,0.07805300500706298,0.02113067926853336,0.004325408119802833,0.3527766461934043,0.34312820404849914,0.08247910158044529
8478498,Jake DeBrusk,F,BOS,64,0.42084439449730376,0.18967676388287094,0.0,0.00352230859048162,0.2196347854802348,0.5499897682479041,0.15047207654837882
8478500,Ivan Provorov,D,PHI,82,0.21049194577001926,-0.0907154154453212,0.0,0.0,0.681296603332099,0.5045283066999671,0.17147081818246543
8476453,Nikita Kucherov,F,TBL,82,0.6948339691651956,-0.00940807644137169,0.0,0.010560935922527883,0.22087931356068524,0.39847285133351895,0.23292915808270148
8476454,Ryan Nugent-Hopkins,F,EDM,82,0.5818949486071421,0.06290738791829197,0.01098901098901099,0.0036380693876824966,0.1954455132266991,0.3260027412408357,0.19055807791541643
8478502,Dennis Gilbert,D,CGY,23,0.117490309413393,0.0,0.0,0.0,0.5249026079652752,0.8505330009610292,0.3840272829909925
8476456,Jonathan Huberdeau,F,CGY,79,0.4052765906357946,0.011978493633930517,0.0,0.0033740115690814518,0.20429761145528044,0.44396117734136337,0.2274207368139853
8476457,Adam Larsson,D,SEA,82,0.25796596957246715,0.12176868411609816,0.010989010989010988,0.0,0.7997529929413949,0.9821801763197266,0.27986848348719906
8476458,Ryan Strome,F,ANA,82,0.2907102712331422,-0.17162386755765002,0.0,0.0036699697981938885,0.19137982399129877,0.21671389370347427,0.3176513678975196
8478507,John Marino,D,NJD,64,0.17891575187299255,0.13465761708791907,0.0,0.0,0.6088235920572238,0.3653667407662328,0.1728737088022424
8478508,Yakov Trenin,F,NSH,77,0.1992509460145457,-0.04616018772380213,0.022409604182759685,0.003724727774781997,0.24944578280329402,0.8535985483186155,0.20081371131329695
8476460,Mark Scheifele,F,WPG,81,0.43670146101739055,-0.0791965815026747,0.0,0.0039857888564185364,0.2752748636417743,0.33550425745525614,0.19351145744732237
8476462,Dougie Hamilton,D,NJD,82,0.48412856992967623,0.11776724440121465,0.0,0.0,0.5312744522841417,0.4205788739059438,0.29486849131136356
8476463,Jonas Brodin,D,MIN,60,0.16397829122713586,0.09248275777830829,0.0,0.0,0.7925899956930299,0.3889339092732019,0.24126843158786943
8476459,Mika Zibanejad,F,NYR,82,0.5582822085889569,0.13631758617999865,0.010989010989010988,0.00402503944430997,0.34845876824249455,0.4872158143279127,0.14742127232052576
8478512,Austin Czarnik,F,DET,29,0.12514250242646796,-0.07262584793017156,0.0,0.010191989679966186,0.2533327205321337,0.3117941175780106,0.16326530612244894
8476467,Jamie Oleksiak,D,SEA,75,0.20881821000002906,0.07570180597473862,0.0,0.0,0.6667905797497572,0.6300126004536196,0.2972376957651103
8476468,J.T. Miller,F,VAN,81,0.5550355111456786,-0.04047260170135533,0.049754417821050036,0.004486508656875765,0.35123288744075326,0.9269918662903305,0.301687494693914
8476469,Joel Armia,F,MTL,43,0.1946778832631521,-0.09019207957254236,0.02020988339877816,0.006141574356168302,0.3257997332325598,0.42495457745453824,0.25926000408165584
8478519,Anthony Cirelli,F,TBL,58,0.2859492805453957,0.09978189100594435,0.029161743392215028,0.005815499012701233,0.39399171782479786,0.3201268962746374,0.20970625933514825
8476473,Connor Murphy,D,CHI,80,0.11595838083291853,-0.05634820467125691,0.021623960282896607,0.0,0.8314808866779889,0.8831037996399119,0.34414855382189724
8476474,Stefan Noesen,F,CAR,78,0.2859983846739561,0.0725592366942778,0.0,0.004282414309018815,0.1590713180847999,0.5931337865109896,0.1984389881507393
8476479,Phillip Danault,F,LAK,82,0.3690749608903703,-0.04443437072080097,0.0,0.0042668119009350676,0.4884936650109438,0.4838059993677447,0.26959117103544544
8476480,Vladislav Namestnikov,F,"TBL,WPG",77,0.20135422071385714,0.0329366841282256,0.0,0.003492729017728468,0.29245025885854053,0.591815403543734,0.21649836028437563
8482624,Daniil Miromanov,D,VGK,14,0.23539450377411955,-0.2479539764878976,0.0,0.0,0.5162757952466714,0.3333333333333333,0.09429024234822253
8476483,Rickard Rakell,F,PIT,82,0.4143609955590576,-0.02513642813043606,0.0,0.004548099340434316,0.3205115370217545,0.7329717877388682,0.12245325898113585
8478542,Evan Rodrigues,F,COL,69,0.3478176577310823,0.04217522370330321,0.0,0.004688387861240051,0.22931059893038766,0.2945438003035814,0.21587171958746798
8478550,Artemi Panarin,F,NYR,82,0.5239970708922906,0.020987352552474994,0.0,0.003075768329965623,0.09756889162888617,0.18692071245482084,0.24018854641743476
8474870,Tyler Johnson,F,CHI,56,0.34061637882980084,-0.172528388211675,0.0,0.0060615734962618205,0.25805687931844035,0.4372561314738374,0.1680816411546915
8482652,Walker Duehr,F,CGY,27,0.25084203368566316,0.0,0.0,0.004440394987949895,0.10931451776059378,0.9387085125741436,0.09722392723076785
8482655,J.J. Moser,D,ARI,82,0.239758198081614,-0.06649368371761519,0.0,0.0,0.6622967426466514,0.4878774464642586,0.2160410481246264
8482660,Kent Johnson,F,CBJ,79,0.3062005865879458,-0.11553541428907405,0.0,0.002950398978381508,0.24372248985270747,0.13340862679699111,0.11299445183952136
8478569,Noel Acciari,F,"STL,TOR",77,0.18874842261111385,-0.026250329066056552,0.0,0.004481853844722445,0.5087325539285281,1.0741646645294176,0.15017902166480535
8482665,Matty Beniers,F,SEA,80,0.381257143391222,0.06959026792449595,0.0,0.0036620263564734554,0.34585183978049555,0.4778696284347365,0.020454836017543995
8482667,William Eklund,F,SJS,8,0.25267448900770917,-0.2426063269957101,0.0,0.030251950745514337,0.3810499613777493,0.4914005604484485,0.3810499613777493
8476525,Colin Miller,D,DAL,79,0.1843724882743706,0.13836762899546481,0.0,0.0,0.43627469313797945,0.5745101415000445,0.2160861813907168
8482671,Owen Power,D,BUF,79,0.265246342367669,0.05038022322160305,0.0,0.0,0.5230242177442751,0.18572311077394132,0.17017384360635224
8482679,Matt Coronato,F,CGY,1,0.0,1.0,0.0,0.0,0.0,1.0,2.0
8478585,Derek Ryan,F,EDM,80,0.16808533860968913,0.07696581993587365,0.021623960282896603,0.004009555927660894,0.3179042374881584,0.37125580097260324,0.1919802834722458
8476539,Jonathan Marchessault,F,VGK,76,0.4213251571984903,0.012461174042683912,0.0,0.0037575044815218784,0.14886574133364247,0.4632862620084829,0.1517583583050089
8482684,Luke Hughes,D,NJD,2,0.5,0.0,0.0,0.0,1.0,0.3333333333333333,0.0
8482691,Aatu Raty,F,"NYI,VAN",15,0.14285714285714285,0.0,0.0,0.023817870081848498,0.22654091966098638,0.5663655699902247,0.1587425114979977
8482699,Dylan Guenther,F,ARI,33,0.26733945901127876,-0.10728128668654305,0.0,0.012190480716789121,0.21016800606440436,0.3393029435171156,0.17647789919851675
8482705,Cole Sillinger,F,CBJ,64,0.12479381659883519,-0.1998978093806472,0.0,0.004773261970477579,0.3181537947904708,0.7534489657995553,0.1875066588772702
8482720,Matthew Knies,F,TOR,3,0.22654091966098638,0.22654091966098638,0.0,0.0,0.45308183932197277,0.45308183932197277,0.3431457505076198
8482730,Brandt Clarke,D,LAK,9,0.15696545114107638,-0.04860069627906086,0.0,0.0,0.8493437268131857,0.19999999999999998,0.2857142857142857
8482740,Wyatt Johnston,F,DAL,82,0.3105825339786413,0.03619656915385681,0.0,0.003605396059888934,0.25045810170702226,0.17397875443991448,0.14742127232052576
8482745,Mason McTavish,F,ANA,80,0.2952116548382632,-0.11140537137168922,0.0,0.0036167239626016144,0.2657021117619311,0.3288215678903948,0.2686050060852972
8474563,Drew Doughty,D,LAK,81,0.3650425022932348,0.06504448261449614,0.0,0.0,0.5610559871947798,0.6529212995191873,0.21203969138368808
8474564,Steven Stamkos,F,TBL,81,0.551281434424921,-0.026961307684704446,0.0,0.00429454035811033,0.33225128895023825,0.49524562363073,0.2986083627216816
8474565,Alex Pietrangelo,D,VGK,73,0.3791053366478118,0.06763291800584574,0.0,0.012272154960198102,0.9372779740360407,0.44201439489768185,0.12308522906218143
8474567,Zach Bogosian,D,TBL,46,0.0828942410693973,-0.04264791860462099,0.0,0.018972378593674857,0.5128332796954227,0.8360538330432843,0.247223088252624
8474568,Luke Schenn,D,"VAN,TOR",70,0.19110151983390156,0.051630543441731284,0.0,0.0,0.5607484972527476,1.4159556147158525,0.3560776724967472
8482762,Simon Edvinsson,D,DET,9,0.15696545114107638,-0.4355653328045701,0.0,0.0,0.4232917348760778,0.6378212489547284,0.5063945294843616
8474574,Tyler Myers,D,VAN,78,0.14817560699999224,-0.08790280064718498,0.0,0.0,0.7732706371279181,0.547602021574199,0.28247565796464125
8476624,Barclay Goodrow,F,NYR,82,0.22341721686149696,0.01675398883245991,0.0,0.0037641857375904186,0.4205788739059438,0.6496540751360064,0.2605918604889374
8474578,Erik Karlsson,D,SJS,82,0.5813872923626866,-0.1261642173435411,0.0,0.0,0.5070459925482435,0.24520135869719434,0.17569689150027684
8480727,Zach Whitecloud,D,VGK,59,0.1450174116938944,0.07485465576517554,0.0,0.0,0.7366489819630035,0.7127270324971273,0.24598705384031563
8474586,Jordan Eberle,F,SEA,82,0.4012738853503184,0.029409401524760275,0.0,0.0036439056779669987,0.19875411609122487,0.3185934607151637,0.21558560546200883
8474590,John Carlson,D,WSH,40,0.41637990199491204,-0.06310311790630992,0.021623960282896607,0.0,0.9152642234509293,0.48592693656290487,0.17501458600758063
8474600,Roman Josi,D,NSH,67,0.45054295374587044,0.02917426783642821,0.0,0.0,0.8876002562157932,0.3817699968064659,0.2753356402980501
8474602,Justin Schultz,D,SEA,73,0.2646331919553501,0.024136312083975594,0.0,0.0,0.46335230851627296,0.25435711597018623,0.27296468020300885
8480748,Kiefer Sherwood,F,NSH,32,0.24550384800540082,0.05634820467125691,0.0,0.013506161175384378,0.27469856400834414,0.9915110529786393,0.32114203199930513
8474612,Travis Hamonic,D,OTT,75,0.18605773285421562,-0.030252179062057318,0.0,0.0,0.7861787820285927,0.653119959801222,0.2939529146433623
8480762,Eric Robinson,F,CBJ,72,0.20530387392964172,-0.14640748921453253,0.0,0.002307938511601148,0.2704910777772536,0.6736516160944855,0.05953858245196099
